ko_num,11,21,31,40,48
K12297,8424.0,10530.0,13338.0,16146.0,16146.0
K03591,3828.0,4147.0,4785.0,5104.0,4785.0
K03572,7995.0,12300.0,11070.0,12300.0,9225.0
K03277,4900.0,0.0,0.0,11200.0,9100.0
K00990,14240.0,16910.0,19580.0,19580.0,19580.0
K05592,10320.0,27090.0,0.0,0.0,0.0
K03289,7106.0,0.0,0.0,0.0,0.0
K08483,14958.0,0.0,0.0,0.0,0.0
K01687,11704.0,19096.0,46816.0,41272.0,81928.0
K08483,15827.0,0.0,0.0,0.0,0.0
K00639,7960.0,0.0,13532.0,10348.0,10348.0
K01782,14994.0,15708.0,13566.0,1428.0,1428.0
K00557,7686.0,0.0,0.0,0.0,0.0
K07263,8750.0,0.0,0.0,0.0,0.0
K00075,8892.0,11970.0,14706.0,17442.0,17442.0
K03657,19440.0,25920.0,30240.0,28800.0,33840.0
K07091,9450.0,12600.0,17150.0,10500.0,13300.0
K02343,19290.0,24434.0,29578.0,28292.0,31507.0
K02565,12180.0,16240.0,23954.0,19488.0,18676.0
K08722,5970.0,6567.0,0.0,10348.0,15920.0
K01514,15390.0,16929.0,24624.0,27702.0,28215.0
K03669,10850.0,18200.0,18900.0,0.0,23100.0
K02035,16957.0,0.0,21880.0,26256.0,22427.0
K02313,14477.0,18680.0,24751.0,24284.0,24751.0
K01719,7626.0,8610.0,8118.0,6396.0,6150.0
K00046,7874.0,8382.0,4826.0,8128.0,0.0
K01153,33216.0,56052.0,71622.0,62280.0,61242.0
K00974,13596.0,0.0,16892.0,0.0,14420.0
K05818,1680.0,2736.0,2160.0,1152.0,720.0
K02410,11585.0,0.0,0.0,0.0,0.0
K07676,31150.0,38270.0,44500.0,41830.0,47170.0
K05776,17640.0,27440.0,35770.0,39690.0,50960.0
K00657,6696.0,10602.0,14322.0,15252.0,18786.0
K14261,12600.0,12600.0,20650.0,20650.0,22050.0
K11752,13946.0,13946.0,21653.0,17249.0,23488.0
K06969,15048.0,23760.0,33264.0,46332.0,47916.0
K02405,9082.0,0.0,0.0,0.0,0.0
K03805,10452.0,11524.0,18760.0,22780.0,28140.0
K00943,8520.0,10650.0,13845.0,16827.0,22152.0
K07689,8720.0,0.0,15478.0,17658.0,28558.0
K10973,11111.0,15447.0,22222.0,27100.0,36043.0
K03100,13284.0,17820.0,23652.0,21060.0,19116.0
K06179,13398.0,19140.0,23925.0,26477.0,34771.0
K02411,9804.0,0.0,0.0,0.0,0.0
K00230,7783.0,10136.0,12851.0,14480.0,19005.0
K12525,34830.0,74520.0,138510.0,143370.0,227610.0
K06211,17931.0,16680.0,18348.0,19182.0,19182.0
K03723,51660.0,63140.0,74620.0,83804.0,104468.0
K05881,21240.0,0.0,0.0,74104.0,0.0
K11531,15750.0,0.0,0.0,0.0,0.0
K04774,16054.0,21289.0,33853.0,39437.0,48511.0
K00868,13018.0,0.0,0.0,35092.0,0.0
K01775,16732.0,20292.0,19580.0,14240.0,8188.0
K02035,25680.0,38520.0,35845.0,33705.0,25145.0
K00005,17616.0,0.0,0.0,0.0,0.0
K01439,18375.0,25500.0,29250.0,37125.0,46500.0
K11085,29100.0,36666.0,44814.0,51798.0,48888.0
K12975,28700.0,0.0,0.0,0.0,0.0
K06879,14382.0,19458.0,20586.0,23406.0,27918.0
K01051,22204.0,29890.0,40565.0,43127.0,56791.0
K00341,31876.0,0.0,0.0,0.0,0.0
K08484,38896.0,51612.0,66572.0,61336.0,65076.0
K02065,18200.0,22050.0,26950.0,26250.0,39200.0
K10012,17066.0,29946.0,0.0,29624.0,32200.0
K02017,19712.0,0.0,17248.0,0.0,0.0
K02805,21056.0,22560.0,30832.0,38728.0,50384.0
K01935,12825.0,0.0,30600.0,31950.0,47700.0
K00906,32718.0,39606.0,30422.0,0.0,20090.0
K02773,19950.0,0.0,0.0,0.0,0.0
K00547,17980.0,21700.0,21700.0,0.0,22940.0
K01297,17632.0,22496.0,26144.0,23408.0,31616.0
K05539,19198.0,24825.0,31445.0,36741.0,43030.0
K07664,14160.0,16560.0,19200.0,19680.0,24720.0
K08303,26727.0,48924.0,70215.0,78369.0,97848.0
K00773,22500.0,34125.0,54000.0,79500.0,98625.0
K03721,30780.0,34884.0,44631.0,46683.0,51300.0
K01207,20801.0,27280.0,38874.0,44671.0,60698.0
K03500,26169.0,42042.0,36894.0,51051.0,65208.0
K03737,21700.0,23100.0,25550.0,26600.0,30450.0
K01804,32000.0,0.0,0.0,0.0,0.0
K03184,25024.0,25415.0,28934.0,34408.0,39100.0
K00937,44032.0,55040.0,65360.0,66048.0,76368.0
K06041,20992.0,28208.0,36736.0,41984.0,53464.0
K00101,25344.0,30492.0,39204.0,34056.0,35640.0
K00867,20540.0,30020.0,34760.0,32232.0,39184.0
K01928,32670.0,67815.0,66330.0,85140.0,120285.0
K03632,98076.0,0.0,0.0,0.0,0.0
K03712,11616.0,19184.0,27984.0,32560.0,59664.0
K01657,34840.0,50440.0,46280.0,102440.0,111280.0
K00605,24388.0,38584.0,78260.0,100464.0,133588.0
K01525,19458.0,23406.0,27918.0,29046.0,33558.0
K11216,24150.0,15400.0,4550.0,2450.0,0.0
K03672,9591.0,0.0,21545.0,20711.0,28356.0
K00982,65274.0,82302.0,105952.0,102168.0,102168.0
K03117,11799.0,29412.0,19494.0,22743.0,19836.0
K04567,34845.0,44440.0,58075.0,59085.0,61610.0
K05874,38433.0,0.0,0.0,0.0,0.0
K01925,30660.0,34602.0,39420.0,63072.0,57816.0
K00799,15050.0,0.0,8600.0,11180.0,10320.0
K02533,17220.0,24108.0,34194.0,40098.0,54858.0
K07657,16717.0,0.0,0.0,0.0,0.0
K00858,21316.0,27448.0,27448.0,28616.0,30660.0
K02002,24090.0,0.0,0.0,0.0,0.0
K01921,22644.0,29682.0,38556.0,47124.0,64260.0
K00042,21756.0,23226.0,7644.0,23226.0,17346.0
K02067,25900.0,37450.0,51800.0,65800.0,100450.0
K01924,36825.0,49100.0,73650.0,91326.0,119313.0
K07235,9600.0,10752.0,0.0,11392.0,14336.0
K02393,17864.0,0.0,0.0,0.0,0.0
K03688,42042.0,52416.0,74802.0,78078.0,87360.0
K07661,18642.0,20076.0,18403.0,16252.0,19359.0
K01079,25116.0,30268.0,38962.0,44436.0,58926.0
K00884,23937.0,0.0,0.0,0.0,0.0
K14260,27650.0,45150.0,67900.0,58450.0,64400.0
K06941,27650.0,41650.0,73150.0,71750.0,88900.0
K00014,21488.0,25296.0,36176.0,45424.0,62288.0
K01662,49600.0,60760.0,76260.0,71300.0,72540.0
K04333,17280.0,0.0,0.0,0.0,0.0
K03702,55186.0,58551.0,65281.0,65281.0,71338.0
K03610,18942.0,23793.0,34188.0,34419.0,46431.0
K05799,21082.0,25400.0,43942.0,54102.0,77978.0
K01586,35700.0,57960.0,91560.0,116760.0,163380.0
K00226,28896.0,60816.0,127344.0,175392.0,308112.0
K00040,41796.0,43740.0,31590.0,30132.0,20898.0
K00574,42630.0,54880.0,98000.0,95060.0,131810.0
K14187,32451.0,35808.0,48490.0,127939.0,139502.0
K03074,28424.0,10982.0,79781.0,14858.0,13889.0
K09810,20504.0,25397.0,31222.0,35882.0,50794.0
K07648,68464.0,87914.0,104252.0,98028.0,93360.0
K01972,59719.0,64416.0,80520.0,85888.0,102663.0
K02045,32485.0,59130.0,105485.0,118260.0,149285.0
K02016,28620.0,54696.0,28302.0,0.0,64872.0
K10011,59400.0,0.0,0.0,0.0,0.0
K07387,22680.0,30996.0,31248.0,23940.0,27216.0
K01812,42300.0,77550.0,92120.0,0.0,0.0
K00852,27810.0,41097.0,51912.0,50367.0,43569.0
K01356,18180.0,19998.0,25250.0,26664.0,31714.0
K06178,26481.0,40158.0,57327.0,65475.0,74205.0
K00874,28119.0,36462.0,43569.0,48204.0,51912.0
K07106,27416.0,32780.0,30992.0,25032.0,20562.0
K03649,15456.0,16296.0,30240.0,32424.0,38304.0
K04044,57288.0,79464.0,123200.0,136136.0,184800.0
K01929,42488.0,50172.0,68252.0,95372.0,118424.0
K12372,32064.0,47094.0,72144.0,74148.0,79826.0
K11175,20661.0,25773.0,43665.0,44730.0,69225.0
K00219,65184.0,71904.0,59808.0,34944.0,16800.0
K02687,28421.0,34574.0,48638.0,0.0,87021.0
K00951,73656.0,104160.0,116808.0,104160.0,98952.0
K11720,34650.0,34300.0,39900.0,30800.0,48650.0
K00566,37168.0,62928.0,66976.0,65504.0,92368.0
K05349,77265.0,126225.0,162945.0,170595.0,234855.0
K01176,50490.0,37125.0,61380.0,68310.0,71280.0
K01919,53354.0,56980.0,71484.0,77182.0,98938.0
K01250,32344.0,51315.0,57846.0,56913.0,40119.0
K02396,56888.0,0.0,0.0,0.0,0.0
K03828,17368.0,26052.0,0.0,33066.0,38076.0
K10551,53550.0,0.0,0.0,0.0,0.0
K14977,37100.0,0.0,0.0,0.0,0.0
K11755,21721.0,38773.0,61103.0,100282.0,131544.0
K10678,25920.0,32400.0,37200.0,47760.0,49680.0
K13069,38150.0,26250.0,27650.0,21000.0,18550.0
K04761,33245.0,46665.0,60085.0,60695.0,74115.0
K02858,23870.0,0.0,58590.0,70959.0,71176.0
K13634,35964.0,49572.0,78084.0,85536.0,90396.0
K00872,34720.0,56420.0,90830.0,171740.0,203980.0
K02399,15594.0,0.0,0.0,0.0,0.0
K03092,53901.0,59625.0,70119.0,70119.0,73458.0
K12573,92682.0,103251.0,139023.0,169104.0,201624.0
K00942,24012.0,26496.0,37260.0,48024.0,74520.0
K01011,51330.0,60465.0,51765.0,0.0,0.0
K00632,51448.0,59732.0,58860.0,38368.0,27904.0
K09001,44280.0,55350.0,49815.0,37638.0,46125.0
K01790,42000.0,60550.0,100100.0,101850.0,120750.0
K03685,27346.0,38420.0,52432.0,57630.0,77518.0
K00855,34969.0,0.0,0.0,0.0,0.0
K09823,20691.0,18297.0,24966.0,19152.0,24795.0
K00882,38064.0,45552.0,58968.0,77064.0,72072.0
K01591,30380.0,50470.0,88690.0,110250.0,176155.0
K03527,39816.0,55300.0,74576.0,86900.0,99224.0
K02558,57582.0,81803.0,121105.0,139842.0,185999.0
K03072,78105.0,99630.0,140220.0,149445.0,158055.0
K00764,64640.0,62620.0,120695.0,239875.0,267145.0
K00626,50304.0,0.0,0.0,0.0,0.0
K01516,25216.0,38021.0,60282.0,72693.0,88847.0
K00145,43086.0,48096.0,84502.0,275884.0,185704.0
K03704,9100.0,0.0,0.0,45010.0,0.0
K01241,68508.0,96015.0,137535.0,145320.0,163485.0
K07685,29925.0,45225.0,52200.0,53775.0,59850.0
K00795,40066.0,50830.0,64584.0,63089.0,67275.0
K04042,61560.0,87552.0,139080.0,175104.0,242592.0
K05876,27200.0,0.0,0.0,0.0,0.0
K03817,24344.0,22375.0,0.0,22196.0,17542.0
K03517,47539.0,72870.0,88832.0,97160.0,124920.0
K12142,47950.0,0.0,0.0,0.0,0.0
K00560,36432.0,48312.0,67584.0,74184.0,98208.0
K00946,45500.0,52000.0,66300.0,76050.0,76050.0
K03831,27495.0,30225.0,39780.0,36855.0,39780.0
K01515,29469.0,37202.0,44726.0,48488.0,48906.0
K00117,113828.0,101888.0,148852.0,197408.0,344668.0
K11076,54288.0,65975.0,64090.0,61828.0,0.0
K02407,67680.0,0.0,0.0,0.0,0.0
K00619,64235.0,98346.0,139545.0,254282.0,257383.0
K00067,43946.0,69230.0,105952.0,118293.0,159530.0
K03438,51450.0,76650.0,69300.0,79800.0,101850.0
K10804,30992.0,38272.0,49504.0,47840.0,52208.0
K01195,89847.0,0.0,0.0,0.0,0.0
K03785,37548.0,55692.0,62496.0,59220.0,74340.0
K10558,52500.0,50750.0,15050.0,0.0,0.0
K12340,74745.0,91080.0,106920.0,124245.0,120285.0
K03182,75544.0,96915.0,128723.0,116795.0,97909.0
K03701,142880.0,144760.0,164500.0,169200.0,182360.0
K11072,58212.0,80892.0,116046.0,129654.0,169344.0
K11139,47100.0,0.0,0.0,0.0,0.0
K13497,83898.0,90801.0,125847.0,247977.0,285147.0
K02769,88954.0,94021.0,125549.0,117667.0,103592.0
K05368,36814.0,54056.0,72929.0,76191.0,88074.0
K05816,66080.0,58646.0,55342.0,42539.0,0.0
K08309,103200.0,99330.0,114810.0,91590.0,109005.0
K01897,92092.0,94952.0,92664.0,57772.0,41184.0
K08281,35697.0,38544.0,46209.0,55407.0,59787.0
K07735,30481.0,44880.0,68629.0,80597.0,104159.0
K01512,15456.0,12328.0,12328.0,11592.0,11592.0
K01792,49392.0,86142.0,107310.0,213150.0,184926.0
K10017,43690.0,67334.0,64250.0,72474.0,69133.0
K01755,77690.0,157208.0,284254.0,404902.0,759991.0
K00060,58652.0,78089.0,64790.0,0.0,61721.0
K02528,60900.0,74200.0,100800.0,111300.0,191800.0
K10805,49764.0,51194.0,56342.0,62062.0,76076.0
K01112,37584.0,46008.0,60912.0,70200.0,72792.0
K00758,76560.0,65120.0,73920.0,73920.0,84480.0
K01091,44100.0,70056.0,0.0,0.0,0.0
K06180,58680.0,74328.0,84108.0,110514.0,129748.0
K02523,58140.0,72029.0,116926.0,125324.0,173128.0
K12700,55328.0,72048.0,69920.0,44384.0,17328.0
K01443,69524.0,0.0,68378.0,0.0,0.0
K09013,45136.0,38192.0,47120.0,54312.0,58776.0
K03550,36946.0,0.0,0.0,0.0,0.0
K00891,31842.0,48198.0,69426.0,69426.0,70122.0
K03804,42822.0,52416.0,54054.0,64116.0,73008.0
K12410,64050.0,89250.0,134050.0,132650.0,157500.0
K03088,34953.0,35144.0,43548.0,40683.0,56727.0
K03603,44215.0,60228.0,65725.0,72895.0,83172.0
K00281,177045.0,370359.0,650760.0,786654.0,910107.0
K01778,50690.0,67404.0,86584.0,91242.0,100010.0
K07738,27714.0,34121.0,38293.0,25330.0,49468.0
K03556,168487.0,274805.0,289221.0,211735.0,91902.0
K01589,67450.0,0.0,0.0,225425.0,0.0
K00548,233130.0,315339.0,505524.0,550923.0,717795.0
K00598,48384.0,53424.0,47628.0,36540.0,24696.0
K02417,26304.0,0.0,0.0,0.0,0.0
K02444,57707.0,62790.0,82225.0,94185.0,136045.0
K10549,60409.0,59157.0,61348.0,59783.0,14398.0
K00564,66199.0,77861.0,100499.0,114562.0,113876.0
K12957,68482.0,55774.0,55421.0,60363.0,78013.0
K01834,41710.0,60630.0,90945.0,94170.0,95890.0
K01126,48165.0,50635.0,47177.0,44707.0,50388.0
K01995,49980.0,66300.0,90270.0,104295.0,113220.0
K09687,60984.0,74844.0,92708.0,90552.0,108108.0
K02846,74400.0,110856.0,130200.0,147684.0,187116.0
K06949,70000.0,80500.0,91700.0,88550.0,107450.0
K03637,32522.0,39123.0,59570.0,61180.0,64883.0
K02837,168872.0,236588.0,362824.0,513304.0,628672.0
K06445,165242.0,218966.0,214082.0,153032.0,78144.0
K00364,70788.0,93343.0,182522.0,343183.0,321669.0
K04095,40800.0,30400.0,28600.0,28400.0,30800.0
K01580,95530.0,0.0,0.0,55920.0,0.0
K01147,132664.0,202860.0,291732.0,399924.0,521640.0
K02500,53148.0,87462.0,142674.0,164088.0,251550.0
K00528,51088.0,62992.0,75640.0,90272.0,85064.0
K03568,100048.0,106782.0,146224.0,156806.0,230880.0
K05365,176396.0,218596.0,241384.0,251512.0,256576.0
K06183,49203.0,68145.0,97482.0,110187.0,150150.0
K01119,137811.0,164985.0,198629.0,148163.0,114519.0
K00340,21400.0,0.0,0.0,0.0,0.0
K07796,99360.0,142600.0,131560.0,95680.0,78660.0
K02071,75803.0,101871.0,179389.0,226037.0,284004.0
K07665,50167.0,62879.0,45854.0,51075.0,42676.0
K10010,55250.0,69250.0,62750.0,101750.0,131000.0
K03270,41548.0,63544.0,90428.0,103964.0,86668.0
K09812,49284.0,57942.0,69264.0,75702.0,85026.0
K06920,78050.0,96600.0,143850.0,154000.0,192150.0
K00242,25760.0,66585.0,87400.0,76590.0,41745.0
K03658,153216.0,188784.0,268812.0,274968.0,286596.0
K05590,99456.0,117660.0,152292.0,156732.0,175380.0
K03635,33900.0,41100.0,59550.0,62700.0,80100.0
K00700,165256.0,210392.0,223496.0,267904.0,295568.0
K01087,60648.0,61978.0,69426.0,0.0,25270.0
K04082,39159.0,71649.0,97641.0,109953.0,144153.0
K00285,99360.0,177120.0,239328.0,251424.0,151200.0
K00797,66528.0,105408.0,144576.0,256608.0,207648.0
K01533,192654.0,273552.0,383640.0,393648.0,397818.0
K02397,73861.0,0.0,0.0,0.0,0.0
K00849,90152.0,94354.0,105432.0,93208.0,76018.0
K05879,49770.0,43050.0,47880.0,60060.0,73920.0
K06145,78778.0,72820.0,98638.0,105920.0,109561.0
K00244,143276.0,159530.0,154112.0,117390.0,82474.0
K04069,58794.0,66912.0,78474.0,92742.0,105534.0
K00793,51333.0,75402.0,122688.0,147609.0,178281.0
K01626,85796.0,0.0,0.0,0.0,0.0
K02760,25864.0,26076.0,28620.0,24592.0,25122.0
K02768,92496.0,100016.0,124456.0,131976.0,119944.0
K10000,59774.0,0.0,71632.0,74052.0,99462.0
K00330,36309.0,80556.0,75705.0,122598.0,64386.0
K01112,55056.0,77256.0,108336.0,125208.0,135198.0
K08289,97216.0,112112.0,161504.0,317520.0,376320.0
K07722,32984.0,64239.0,65170.0,62377.0,82992.0
K02052,85935.0,57290.0,0.0,0.0,0.0
K07798,104192.0,169312.0,184371.0,148962.0,118030.0
K03885,111104.0,123690.0,166656.0,198772.0,308140.0
K00568,61440.0,93600.0,136320.0,156480.0,196560.0
K00048,98048.0,146689.0,94984.0,36768.0,22980.0
K05596,76032.0,98901.0,124146.0,127116.0,160974.0
K01821,90300.0,0.0,0.0,0.0,0.0
K03116,23140.0,28836.0,43521.0,43343.0,44322.0
K00979,64976.0,88040.0,124496.0,146568.0,190464.0
K01491,75744.0,108288.0,163296.0,211104.0,244224.0
K00790,111873.0,157963.0,221651.0,250562.0,319278.0
K03148,67017.0,93121.0,170931.0,207828.0,230418.0
K03590,112980.0,147840.0,210000.0,188160.0,239820.0
K00057,91530.0,87462.0,95259.0,98988.0,109497.0
K00931,99457.0,138359.0,171022.0,178362.0,202584.0
K02501,53508.0,73500.0,123088.0,158956.0,224812.0
K03526,101556.0,132432.0,175956.0,183768.0,222456.0
K12972,85800.0,134160.0,165984.0,185952.0,196560.0
K01070,77006.0,116482.0,150120.0,133718.0,141224.0
K01438,106857.0,137497.0,202990.0,289548.0,384915.0
K03636,22761.0,27054.0,32886.0,41310.0,39123.0
K03788,76693.0,131164.0,166123.0,0.0,0.0
K01883,130924.0,159967.0,248018.0,280749.0,404297.0
K01599,100536.0,123900.0,156468.0,185496.0,229746.0
K03554,86658.0,108777.0,139683.0,140289.0,191496.0
K03407,187698.0,0.0,0.0,0.0,0.0
K00287,45792.0,61374.0,61374.0,62646.0,64872.0
K00767,85536.0,108108.0,129492.0,131571.0,159489.0
K02496,113577.0,137943.0,171348.0,168990.0,160344.0
K00800,123830.0,154147.0,233569.0,327509.0,505995.0
K00763,116800.0,173600.0,220800.0,230400.0,300400.0
K00540,73876.0,52624.0,42251.0,49082.0,43769.0
K01424,99034.0,101738.0,116610.0,198068.0,155142.0
K03776,102900.0,0.0,0.0,0.0,0.0
K03149,75264.0,150016.0,321024.0,367104.0,418560.0
K00945,66965.0,76499.0,85806.0,98291.0,130071.0
K01710,106495.0,160284.0,279414.0,348365.0,427785.0
K00604,92925.0,96390.0,137025.0,148680.0,163800.0
K03152,58212.0,74284.0,99764.0,118384.0,154448.0
K01659,115922.0,0.0,0.0,0.0,0.0
K01736,107876.0,134664.0,209960.0,144438.0,254848.0
K03435,100200.0,130260.0,134936.0,113226.0,99866.0
K01953,166200.0,264812.0,456496.0,609400.0,694162.0
K03087,110532.0,120414.0,199836.0,189954.0,227652.0
K03981,71508.0,79060.0,106200.0,115640.0,148680.0
K01092,81168.0,127092.0,207726.0,334017.0,354576.0
K03761,141215.0,217147.0,201405.0,148160.0,100934.0
K05789,99450.0,159900.0,226850.0,272025.0,302575.0
K03147,193086.0,381755.0,699779.0,965430.0,1246856.0
K01937,168405.0,257240.0,444175.0,594050.0,767905.0
K05995,70990.0,100760.0,92287.0,119538.0,58166.0
K06222,83037.0,142578.0,125757.0,68085.0,59274.0
K00681,179447.0,160983.0,231954.0,253303.0,212913.0
K07806,119764.0,0.0,0.0,0.0,0.0
K04087,105878.0,129926.0,208416.0,220440.0,253506.0
K12371,103986.0,160884.0,258984.0,261273.0,235440.0
K01488,106227.0,119880.0,113220.0,98235.0,85914.0
K01996,75603.0,87927.0,127032.0,135327.0,147414.0
K05804,92191.0,97682.0,112421.0,111265.0,130050.0
K03168,281125.0,323510.0,416065.0,444610.0,551005.0
K00640,90363.0,111111.0,120393.0,114114.0,116298.0
K02035,116200.0,92050.0,49700.0,0.0,0.0
K01585,219114.0,390852.0,714588.0,914620.0,1087016.0
K00631,275391.0,321703.0,311779.0,288623.0,332454.0
K01460,117600.0,0.0,0.0,298200.0,0.0
K03076,149291.0,219285.0,284849.0,348641.0,321618.0
K12339,102414.0,145743.0,235128.0,347541.0,466620.0
K00847,102680.0,99660.0,104794.0,93016.0,77010.0
K01735,123080.0,161814.0,201634.0,188964.0,210322.0
K01945,146718.0,218361.0,363792.0,601458.0,820248.0
K09903,83145.0,212562.0,294261.0,281488.0,478385.0
K00928,154905.0,220459.0,304871.0,513656.0,706277.0
K03686,130096.0,168824.0,224472.0,225224.0,234624.0
K00390,84424.0,123464.0,203740.0,225944.0,341112.0
K02338,126636.0,155550.0,195444.0,207522.0,222894.0
K13498,156844.0,202044.0,277076.0,394596.0,570424.0
K00602,187266.0,302059.0,578726.0,898242.0,1280709.0
K03602,28640.0,33840.0,37280.0,34240.0,42640.0
K14170,139346.0,181034.0,250900.0,245882.0,301466.0
K09888,39567.0,48941.0,59187.0,61912.0,66381.0
K01739,140118.0,268270.0,438496.0,570894.0,484816.0
K03075,40480.0,53680.0,78760.0,92400.0,101750.0
K11103,157504.0,0.0,0.0,0.0,0.0
K02035,198690.0,226077.0,248094.0,196005.0,175062.0
K10542,187220.0,223652.0,294492.0,197340.0,90574.0
K03439,88669.0,92971.0,130972.0,162281.0,181640.0
K08325,143577.0,186921.0,170280.0,176472.0,282510.0
K01355,117924.0,153111.0,212707.0,278326.0,335069.0
K00891,64356.0,85808.0,125079.0,155181.0,224554.0
K01921,135772.0,6188.0,11648.0,498316.0,23296.0
K04336,41030.0,0.0,0.0,0.0,0.0
K01620,124542.0,191808.0,276390.0,278388.0,336996.0
K01433,104720.0,168840.0,198800.0,341320.0,420280.0
K03732,157875.0,187345.0,273229.0,309435.0,391530.0
K03217,206048.0,287152.0,425796.0,460320.0,496488.0
K00840,153468.0,164024.0,95410.0,46284.0,28014.0
K03644,121659.0,163710.0,185538.0,202872.0,238503.0
K03645,68599.0,82536.0,91586.0,97378.0,127243.0
K13038,153874.0,0.0,0.0,226954.0,0.0
K00133,128060.0,146595.0,213658.0,207255.0,245336.0
K01887,220991.0,293693.0,362356.0,422941.0,553920.0
K00013,166222.0,233058.0,367598.0,498666.0,602392.0
K02356,72770.0,96900.0,142120.0,178220.0,213750.0
K00688,319480.0,368380.0,460475.0,471070.0,475145.0
K02398,38218.0,0.0,0.0,0.0,0.0
K01243,91872.0,123424.0,176784.0,206944.0,287448.0
K00651,122673.0,191580.0,262650.0,302202.0,390576.0
K00335,178000.0,215825.0,310610.0,369795.0,332415.0
K00688,321988.0,471027.0,766714.0,870324.0,659119.0
K01520,61004.0,72027.0,167006.0,187995.0,122763.0
K07320,125860.0,162440.0,192200.0,196540.0,244900.0
K03417,120768.0,0.0,0.0,0.0,0.0
K05516,125154.0,128214.0,149634.0,165240.0,187884.0
K03593,153135.0,194463.0,275274.0,312174.0,461988.0
K00850,130200.0,157480.0,192510.0,188480.0,209560.0
K06726,58380.0,75477.0,76311.0,60187.0,36835.0
K02470,339288.0,441396.0,633552.0,713952.0,884400.0
K12500,148050.0,133700.0,86100.0,38850.0,21000.0
K01258,172584.0,176256.0,226032.0,230928.0,172992.0
K00275,92432.0,120772.0,145406.0,168732.0,200996.0
K03720,46224.0,51408.0,43092.0,55296.0,42120.0
K05520,150150.0,114800.0,113750.0,119000.0,130200.0
K03797,293260.0,381920.0,508772.0,546282.0,639716.0
K00215,117663.0,166803.0,220311.0,255801.0,505869.0
K07684,93096.0,126792.0,228312.0,257256.0,266328.0
K06075,63510.0,81030.0,111690.0,111836.0,140744.0
K00265,663592.0,1413938.0,2899410.0,3922194.0,6838346.0
K01890,347415.0,566835.0,928560.0,1255305.0,1715610.0
K01142,117920.0,151688.0,195640.0,192692.0,233428.0
K07258,178126.0,257920.0,408642.0,502944.0,674622.0
K00930,114552.0,159444.0,234006.0,293604.0,416154.0
K11926,59185.0,110789.0,226233.0,247114.0,337687.0
K03841,148736.0,226092.0,322372.0,341960.0,396076.0
K11751,248050.0,253550.0,351450.0,364650.0,376200.0
K00526,170704.0,213944.0,339528.0,404200.0,421496.0
K00697,216144.0,197658.0,235578.0,214722.0,218988.0
K03106,207021.0,255945.0,338391.0,395016.0,551301.0
K03272,219420.0,322929.0,387801.0,420237.0,519453.0
K02064,161700.0,223300.0,350000.0,449400.0,602350.0
K01784,159030.0,191862.0,201438.0,224010.0,226062.0
K02108,127370.0,0.0,0.0,0.0,0.0
K01069,118221.0,129767.0,116966.0,137297.0,111444.0
K01485,203472.0,422928.0,835488.0,1330128.0,1218240.0
K01889,154344.0,219090.0,350217.0,447990.0,557862.0
K00266,224200.0,480968.0,894440.0,1163008.0,1722800.0
K01873,451725.0,622905.0,897744.0,1121229.0,1428402.0
K01834,248776.0,523252.0,1171920.0,1170892.0,2478508.0
K03183,121735.0,168672.0,207828.0,241211.0,283128.0
K00426,184194.0,240286.0,258857.0,219820.0,206176.0
K00121,180072.0,229518.0,243540.0,250182.0,277119.0
K00383,219600.0,244800.0,289350.0,295650.0,378900.0
K00611,162992.0,262524.0,477954.0,827652.0,803938.0
K00817,174084.0,251336.0,424708.0,532576.0,768248.0
K00090,158436.0,290952.0,562788.0,620136.0,895212.0
K00748,187180.0,0.0,211246.0,199786.0,200932.0
K01933,172550.0,269150.0,428750.0,574700.0,878850.0
K01653,47328.0,0.0,0.0,135744.0,0.0
K03414,106144.0,0.0,0.0,0.0,0.0
K04338,68724.0,0.0,0.0,0.0,0.0
K01061,134231.0,167318.0,231071.0,241831.0,204171.0
K01223,240937.0,285005.0,391822.0,433495.0,542228.0
K07589,60480.0,91680.0,117120.0,148440.0,181200.0
K00297,149776.0,274392.0,541680.0,821104.0,938320.0
K00760,90246.0,134746.0,167676.0,220542.0,317730.0
K01008,175929.0,240124.0,299808.0,294256.0,332773.0
K00759,93330.0,129747.0,185562.0,246318.0,353190.0
K03667,227259.0,253396.0,382752.0,466479.0,586089.0
K03214,178365.0,206310.0,232185.0,267375.0,309120.0
K07771,114774.0,183372.0,172716.0,207570.0,167832.0
K09458,213934.0,320488.0,472885.0,565397.0,673603.0
K01284,353439.0,448098.0,554334.0,556377.0,625158.0
K03528,173968.0,212812.0,218788.0,224100.0,240700.0
K02798,335062.0,389844.0,384111.0,337610.0,214669.0
K00956,251750.0,503975.0,838850.0,1159000.0,1484850.0
K00788,112885.0,167323.0,256998.0,300253.0,363975.0
K01419,94336.0,113344.0,219824.0,179168.0,225808.0
K00540,157878.0,103782.0,93786.0,90552.0,77322.0
K03070,484738.0,609977.0,755939.0,812702.0,975783.0
K07026,145798.0,99457.0,67750.0,75067.0,60162.0
K03473,204120.0,231336.0,319032.0,337932.0,365148.0
K00147,226014.0,314418.0,327762.0,314835.0,304410.0
K13953,182448.0,0.0,0.0,0.0,0.0
K02298,365313.0,704769.0,1024335.0,1469208.0,2147457.0
K01089,196315.0,277255.0,441975.0,664915.0,790230.0
K00826,172422.0,367401.0,593280.0,978912.0,1027116.0
K01720,270963.0,0.0,0.0,0.0,0.0
K02437,196350.0,277200.0,477050.0,652050.0,717850.0
K13574,203243.0,364971.0,604675.0,732830.0,925965.0
K00703,268551.0,324837.0,433116.0,446949.0,421668.0
K00245,138104.0,120536.0,86620.0,102724.0,59780.0
K04088,238830.0,332686.0,499448.0,506152.0,528778.0
K03110,284358.0,325692.0,401388.0,454176.0,529872.0
K06193,63603.0,48507.0,85248.0,0.0,103896.0
K01652,330624.0,491344.0,549318.0,592942.0,719796.0
K03544,245920.0,370152.0,634728.0,753024.0,981136.0
K00331,128920.0,149380.0,207460.0,265980.0,198220.0
K01414,401880.0,401200.0,638520.0,754800.0,898960.0
K01920,187388.0,241108.0,295144.0,320740.0,400056.0
K03778,196413.0,228984.0,309260.0,313208.0,330974.0
K02073,162384.0,271456.0,485520.0,554608.0,658512.0
K00525,457361.0,655982.0,1028872.0,1189443.0,1215317.0
K01866,255248.0,355736.0,488024.0,613528.0,754720.0
K13889,309248.0,332288.0,437760.0,431616.0,502272.0
K01255,303812.0,425035.0,559336.0,614163.0,576438.0
K01420,151250.0,216750.0,349500.0,385500.0,475750.0
K06140,82416.0,0.0,0.0,0.0,0.0
K11717,248472.0,248472.0,286636.0,274050.0,242788.0
K01686,241128.0,208820.0,191090.0,152478.0,113078.0
K03770,381899.0,510860.0,655396.0,669725.0,699629.0
K01714,178996.0,278276.0,440628.0,522096.0,469828.0
K00975,268494.0,374490.0,505890.0,485304.0,452454.0
K03592,276750.0,321750.0,404100.0,484650.0,567450.0
K01265,162888.0,231528.0,341880.0,404976.0,582120.0
K01854,235458.0,322326.0,507873.0,523875.0,695325.0
K01462,104949.0,121173.0,156494.0,184886.0,253669.0
K01785,216942.0,262960.0,319358.0,392364.0,421774.0
K02297,198135.0,362880.0,588420.0,653310.0,992880.0
K00027,359340.0,540705.0,815295.0,950895.0,979710.0
K04083,186984.0,188454.0,241962.0,263130.0,330162.0
K01955,683501.0,1165278.0,1918524.0,2967918.0,3760865.0
K01661,181830.0,207480.0,310650.0,380190.0,462270.0
K02020,164480.0,229758.0,363398.0,338726.0,276789.0
K03694,485120.0,726922.0,1183996.0,1375012.0,1735820.0
K00380,383360.0,609183.0,1096769.0,1977299.0,2520592.0
K03474,156006.0,0.0,423306.0,452223.0,735804.0
K02802,421200.0,580608.0,517104.0,382968.0,211248.0
K02469,585375.0,903000.0,1270500.0,1338750.0,1605625.0
K06861,161952.0,194487.0,226058.0,260280.0,270161.0
K00322,314084.0,490232.0,678030.0,658458.0,416604.0
K03774,100575.0,191167.0,272372.0,292040.0,316029.0
K00338,123120.0,162900.0,230040.0,265500.0,221760.0
K00957,206568.0,372668.0,632388.0,940126.0,1445372.0
K02806,112307.0,130563.0,159577.0,170824.0,173595.0
K00998,897000.0,1149200.0,1041300.0,1011400.0,924300.0
K01809,270572.0,369495.0,473892.0,508300.0,607614.0
K00765,207805.0,393783.0,649727.0,766337.0,1216631.0
K03431,311055.0,400945.0,537115.0,588290.0,659045.0
K10111,261555.0,429247.0,515319.0,328335.0,121317.0
K01956,269692.0,386584.0,696768.0,1445488.0,1459622.0
K01874,480670.0,669553.0,894317.0,1095386.0,1390558.0
K05875,393736.0,0.0,0.0,0.0,0.0
K01892,304008.0,398136.0,561800.0,609712.0,760232.0
K01868,464808.0,623382.0,871194.0,784524.0,875046.0
K02335,255500.0,287350.0,357700.0,375900.0,447650.0
K01613,235060.0,256634.0,279818.0,313628.0,339388.0
K00973,214476.0,311459.0,441258.0,486673.0,605045.0
K01963,222832.0,267520.0,342304.0,373920.0,453872.0
K00381,421230.0,622440.0,1121190.0,1367430.0,1670670.0
K03777,425966.0,597837.0,790835.0,708040.0,593269.0
K03798,261100.0,306600.0,523950.0,549150.0,593250.0
K01653,122087.0,140995.0,189243.0,201957.0,274818.0
K01952,971250.0,1452990.0,2213155.0,2881375.0,4207455.0
K01734,114912.0,121296.0,195472.0,168872.0,161728.0
K00334,125994.0,151226.0,0.0,192892.0,0.0
K01262,337806.0,466578.0,593145.0,586971.0,523908.0
K00677,202264.0,244446.0,275100.0,326452.0,260952.0
K00537,91868.0,108885.0,195755.0,192423.0,275723.0
K08321,270900.0,263550.0,93450.0,0.0,29050.0
K02040,268496.0,319012.0,499278.0,511042.0,452568.0
K00324,400860.0,636990.0,927180.0,1141380.0,1561110.0
K01759,106785.0,102330.0,0.0,172665.0,173340.0
K00832,315615.0,451389.0,730083.0,762637.0,952800.0
K00336,724360.0,985530.0,1489670.0,1703520.0,1829100.0
K02536,273141.0,311333.0,389422.0,427955.0,428296.0
K00820,489636.0,681471.0,1005459.0,1097418.0,1797159.0
K01465,286056.0,401592.0,532788.0,730452.0,779868.0
K02795,219450.0,374528.0,622440.0,531468.0,225568.0
K01918,234041.0,269133.0,317526.0,335355.0,408086.0
K01480,253980.0,308142.0,466038.0,556920.0,559368.0
K11685,112426.0,184518.0,250446.0,437912.0,933578.0
K01588,144157.0,286286.0,433992.0,597415.0,902460.0
K00769,129960.0,235448.0,212192.0,387904.0,285912.0
K01845,365508.0,488622.0,715680.0,867762.0,1105896.0
K01676,470184.0,986400.0,1635780.0,1490560.0,1139840.0
K04751,96656.0,132384.0,185136.0,205184.0,226128.0
K10543,285780.0,372570.0,199650.0,55440.0,0.0
K01886,483642.0,651504.0,959528.0,1150104.0,1345112.0
K08300,929436.0,891240.0,1253041.0,1445082.0,1776114.0
K09475,331256.0,385776.0,303056.0,322984.0,248160.0
K01011,249247.0,267512.0,265826.0,226486.0,227329.0
K00425,465624.0,607608.0,725058.0,613872.0,611784.0
K00286,242638.0,237258.0,235375.0,249632.0,277070.0
K03553,319465.0,506908.0,599041.0,605395.0,640695.0
K04772,411775.0,447720.0,576485.0,610610.0,535080.0
K00325,419034.0,727650.0,1155924.0,1304226.0,2075304.0
K01698,297108.0,455868.0,499932.0,403380.0,861516.0
K01256,798660.0,1091850.0,1425060.0,1308480.0,1385910.0
K01696,366034.0,550242.0,786854.0,1111203.0,1329553.0
K03824,153974.0,168837.0,150801.0,128590.0,165330.0
K01867,307948.0,399464.0,551768.0,659650.0,827318.0
K00845,296283.0,359841.0,407670.0,440412.0,318432.0
K03604,315425.0,371690.0,422499.0,430001.0,599819.0
K03585,368416.0,439876.0,570489.0,580017.0,569298.0
K12524,764240.0,1253780.0,2010640.0,3611280.0,4183640.0
K01961,424305.0,563495.0,784852.0,911021.0,1109928.0
K00009,363282.0,341508.0,316296.0,294140.0,268546.0
K03086,584189.0,643037.0,815290.0,833067.0,1026162.0
K03408,159819.0,0.0,0.0,0.0,0.0
K01626,337050.0,598500.0,917700.0,1596700.0,2196250.0
K03764,103110.0,117390.0,175875.0,204225.0,259035.0
K07660,219209.0,317106.0,386682.0,432620.0,457596.0
K00036,483635.0,590182.0,716369.0,784127.0,895093.0
K02916,64545.0,0.0,0.0,0.0,0.0
K01756,456456.0,579120.0,917016.0,1203384.0,1713192.0
K00878,262786.0,331692.0,379376.0,406100.0,497800.0
K01271,444329.0,592291.0,729178.0,781895.0,712344.0
K04079,626496.0,767520.0,1017120.0,1208688.0,1334112.0
K13378,601960.0,866584.0,1430400.0,1531720.0,1376760.0
K01872,886512.0,1134420.0,1499712.0,1752000.0,2353812.0
K00864,509530.0,567260.0,457322.0,222888.0,121986.0
K01338,798896.0,957264.0,1390032.0,1638560.0,1818096.0
K01951,536025.0,812700.0,1377075.0,1766100.0,2871750.0
K01082,357700.0,316750.0,278250.0,312900.0,297150.0
K01760,404085.0,540755.0,603955.0,653725.0,752080.0
K07304,216876.0,189316.0,238924.0,262244.0,270088.0
K05396,342432.0,392944.0,474288.0,481176.0,493968.0
K01878,317544.0,398445.0,522675.0,700839.0,870822.0
K01999,388557.0,539478.0,1060506.0,1366776.0,1677843.0
K01495,233988.0,352758.0,505272.0,618714.0,837162.0
K00821,429142.0,522522.0,789264.0,1397452.0,1556198.0
K01916,291500.0,351450.0,521125.0,519200.0,704825.0
K04565,183553.0,105876.0,112969.0,109163.0,118678.0
K01652,600216.0,1144232.0,1216730.0,2055796.0,1655090.0
K10038,256560.0,318720.0,347760.0,397680.0,309120.0
K01619,276871.0,249158.0,262885.0,274540.0,333851.0
K01744,511938.0,772448.0,768624.0,481824.0,196936.0
K00135,516704.0,680102.0,785660.0,719144.0,536466.0
K00384,346680.0,625629.0,824328.0,899121.0,1290420.0
K02796,308880.0,493064.0,664664.0,841412.0,368082.0
K01870,1020544.0,1399496.0,1805650.0,2002630.0,2120818.0
K03769,101277.0,126666.0,177723.0,216039.0,260214.0
K10679,236530.0,377797.0,508648.0,607817.0,779681.0
K02519,974550.0,1376830.0,2106630.0,2541840.0,2800830.0
K03675,235640.0,292830.0,405060.0,475580.0,504390.0
K00632,426861.0,494199.0,372681.0,167571.0,75852.0
K02217,182655.0,308550.0,383625.0,467775.0,435105.0
K06866,388850.0,485100.0,506800.0,635600.0,1318100.0
K00941,295792.0,343938.0,378784.0,427994.0,474012.0
K01007,393750.0,550900.0,477050.0,350350.0,363300.0
K06221,310200.0,229625.0,217250.0,252725.0,267575.0
K05838,321772.0,410380.0,594412.0,683304.0,789520.0
K01885,541650.0,733347.0,1080474.0,1295721.0,1668282.0
K02778,551889.0,1105209.0,1793997.0,2049192.0,1141938.0
K02564,311220.0,334096.0,393148.0,375858.0,342608.0
K07250,499698.0,599382.0,883950.0,749760.0,602364.0
K00963,367534.0,406794.0,538164.0,624234.0,777650.0
K01940,546234.0,879696.0,1797387.0,2997135.0,4680090.0
K01835,671034.0,828282.0,1035762.0,1019382.0,1094184.0
K03767,233700.0,223630.0,404130.0,339720.0,564490.0
K01695,331248.0,499284.0,817400.0,939340.0,1436212.0
K01783,278100.0,426150.0,508275.0,675000.0,689850.0
K01876,732190.0,882640.0,1328680.0,1482670.0,1666750.0
K01194,712465.0,450305.0,319225.0,247470.0,224870.0
K01869,1085320.0,1570360.0,2022720.0,2327160.0,2592040.0
K00850,404800.0,495360.0,746560.0,847680.0,1024960.0
K00648,402590.0,484376.0,606104.0,652386.0,836246.0
K13788,912492.0,997458.0,1128834.0,981750.0,994602.0
K03784,307832.0,438326.0,559260.0,705528.0,606343.0
K07258,516000.0,500000.0,616800.0,593600.0,624000.0
K07687,280368.0,378216.0,465696.0,467856.0,616896.0
K05878,465292.0,478820.0,425776.0,440728.0,332860.0
K03772,358290.0,477900.0,652050.0,796770.0,953640.0
K01489,391314.0,279006.0,210504.0,238434.0,209622.0
K07305,184813.0,284412.0,257149.0,218104.0,233722.0
K03695,1111873.0,1182651.0,1581806.0,1517612.0,1632832.0
K01875,584800.0,802380.0,1146380.0,1267640.0,1559610.0
K00344,476350.0,399000.0,391650.0,339150.0,297850.0
K07751,583709.0,780983.0,1114897.0,1190903.0,1436001.0
K00615,911625.0,1682694.0,2315859.0,2631447.0,3122730.0
K01879,948753.0,1206439.0,1715610.0,1978119.0,2386696.0
K01825,1006020.0,1231281.0,939681.0,412614.0,184437.0
K04771,655068.0,904866.0,914820.0,887328.0,1020522.0
K01638,999186.0,1674468.0,1643379.0,1126434.0,792408.0
K00076,352920.0,282285.0,307275.0,333540.0,369750.0
K05845,427000.0,364170.0,367830.0,416935.0,374235.0
K07659,336273.0,352047.0,323606.0,380010.0,340814.0
K00262,637422.0,1868013.0,2484873.0,3668082.0,3344454.0
K03673,297232.0,354432.0,533104.0,606112.0,810368.0
K02372,239704.0,405206.0,632958.0,833818.0,1137930.0
K03608,127072.0,124608.0,152680.0,182600.0,197912.0
K03773,299112.0,415090.0,541368.0,653226.0,760346.0
K01681,1298187.0,1531629.0,1849716.0,1373031.0,1201068.0
K03771,625736.0,697212.0,798648.0,847440.0,1040468.0
K10537,486920.0,434609.0,183253.0,58562.0,28952.0
K00164,1384572.0,2464053.0,3633102.0,4325388.0,3354135.0
K09996,360855.0,649782.0,1248291.0,1330182.0,2917215.0
K12687,1628863.0,0.0,0.0,0.0,0.0
K01839,610907.0,552706.0,588522.0,579975.0,577533.0
K01962,486156.0,607057.0,687445.0,760815.0,978054.0
K00925,633600.0,626800.0,704400.0,654800.0,728400.0
K02109,250224.0,411684.0,604344.0,635232.0,565188.0
K00799,332655.0,385719.0,447426.0,430944.0,468129.0
K00873,794880.0,957600.0,1408320.0,1336800.0,1250880.0
K01881,954096.0,1344772.0,1926496.0,2322320.0,2888028.0
K04567,848905.0,1296840.0,1837695.0,2271490.0,2692155.0
K01595,1486972.0,2466219.0,4004405.0,4870628.0,7139055.0
K05813,832736.0,647629.0,429134.0,289199.0,229297.0
K01893,796860.0,1220454.0,1711152.0,1880310.0,2346776.0
K00674,469362.0,825014.0,1180392.0,1561800.0,2104320.0
K01270,836140.0,1154785.0,1552000.0,1552485.0,1661610.0
K03111,372360.0,459672.0,515954.0,529650.0,545914.0
K04334,265392.0,0.0,0.0,0.0,0.0
K01627,502680.0,627072.0,857964.0,980652.0,1189108.0
K00156,1015300.0,891176.0,946660.0,892320.0,780780.0
K03531,680974.0,824216.0,1039462.0,1168150.0,1378417.0
K03569,621130.0,760971.0,886238.0,1065637.0,1288411.0
K03564,279396.0,326664.0,486096.0,594672.0,787020.0
K03628,760066.0,1071383.0,1474880.0,1702816.0,1928238.0
K02160,283764.0,392808.0,429000.0,1717872.0,632580.0
K09476,685125.0,1291125.0,1317750.0,1285875.0,441375.0
K13643,296136.0,423144.0,508680.0,499122.0,495882.0
K00963,561418.0,778254.0,808152.0,957642.0,1429970.0
K03413,243423.0,0.0,0.0,0.0,0.0
K07662,438016.0,495088.0,529424.0,486272.0,481168.0
K00789,734592.0,923520.0,1493376.0,2640000.0,2617344.0
K07810,211640.0,268510.0,313060.0,248380.0,225610.0
K02518,140040.0,195120.0,281808.0,348696.0,491760.0
K00029,1481568.0,2307360.0,2772627.0,2034120.0,1272843.0
K01625,416415.0,492456.0,679683.0,772125.0,1093329.0
K07404,658359.0,564024.0,687818.0,757328.0,767920.0
K03271,382080.0,477120.0,520320.0,539712.0,539712.0
K01673,440880.0,588940.0,693220.0,901340.0,1002760.0
K03274,629300.0,736560.0,830490.0,964100.0,1236280.0
K00948,642285.0,937755.0,1272285.0,1389780.0,1703205.0
K00088,996984.0,1467416.0,2222840.0,3222752.0,4565240.0
K03687,403850.0,478119.0,610503.0,741114.0,890243.0
K02356,394800.0,495944.0,803136.0,959176.0,1146048.0
K02775,961532.0,0.0,0.0,0.0,0.0
K00432,390339.0,357948.0,446886.0,426024.0,441213.0
K00239,1254792.0,2296728.0,3473904.0,3510360.0,2461956.0
K00615,1425379.0,1353343.0,1640153.0,1726196.0,1559446.0
K00606,566016.0,657888.0,704088.0,832128.0,900504.0
K01923,510261.0,724509.0,866235.0,1095177.0,1391190.0
K03210,236940.0,369490.0,472890.0,490930.0,366300.0
K02115,619633.0,854686.0,1246728.0,1257634.0,1220898.0
K03609,584280.0,709290.0,834030.0,795960.0,759510.0
K00240,527170.0,897736.0,1288770.0,1578892.0,930104.0
K02048,748670.0,948766.0,1258712.0,1528436.0,1940120.0
K03046,3137610.0,3969147.0,6093717.0,6669180.0,7821513.0
K01915,1049622.0,2054220.0,3543295.0,5261711.0,3797962.0
K02520,328176.0,413856.0,588960.0,702144.0,937296.0
K00540,571640.0,765576.0,864528.0,1051024.0,1014072.0
K03676,192477.0,208247.0,238625.0,273236.0,290334.0
K07390,267375.0,316480.0,483460.0,613180.0,879405.0
K01807,512241.0,629187.0,765405.0,885855.0,1031490.0
K03711,346764.0,385836.0,454064.0,454360.0,529248.0
K01733,1004516.0,1575468.0,2031288.0,3076464.0,4020632.0
K02113,415419.0,666582.0,816324.0,868008.0,903408.0
K07400,831600.0,1017800.0,1331750.0,1530200.0,1933050.0
K08483,1366775.0,2267225.0,3691500.0,4341825.0,3947950.0
K09892,836500.0,1169350.0,1522850.0,1895950.0,2410800.0
K01085,989548.0,952791.0,718207.0,457191.0,288687.0
K09997,588060.0,601668.0,890838.0,1136511.0,1127763.0
K00939,521304.0,853432.0,950374.0,1063794.0,1438294.0
K00645,763230.0,925764.0,1281732.0,1385556.0,1772424.0
K03775,492940.0,635628.0,841820.0,1006656.0,1131312.0
K00962,1789587.0,2450817.0,3240027.0,3319659.0,3623256.0
K00627,1610280.0,1983240.0,2605050.0,2881620.0,4081140.0
K01358,529506.0,743958.0,997119.0,963171.0,1346742.0
K03060,233688.0,307398.0,427518.0,488215.0,570206.0
K00658,1043685.0,1712340.0,2635335.0,2931795.0,2794500.0
K03043,3458334.0,4640636.0,6536882.0,7268272.0,8824992.0
K00616,832344.0,633580.0,621572.0,646852.0,635476.0
K00059,644160.0,769332.0,1040660.0,1256112.0,1564040.0
K06204,403321.0,569270.0,828839.0,947827.0,947978.0
K02950,334428.0,450988.0,682496.0,1031184.0,1128152.0
K04564,521486.0,825268.0,1419322.0,1534350.0,1668871.0
K01667,1303764.0,0.0,0.0,0.0,0.0
K01679,1280981.0,0.0,0.0,0.0,0.0
K00058,1127910.0,1728150.0,2834740.0,4769120.0,6384110.0
K10555,983850.0,980700.0,370300.0,68950.0,43050.0
K03768,471828.0,672892.0,733244.0,879532.0,1210976.0
K00761,599456.0,1301872.0,2113280.0,2821104.0,3732560.0
K00052,1047618.0,1838595.0,2141337.0,1849848.0,1993233.0
K01810,1602531.0,1797975.0,2499048.0,2827899.0,3162240.0
K04064,1038100.0,992250.0,1344350.0,1509550.0,1408750.0
K00137,1040900.0,0.0,0.0,0.0,0.0
K03781,2239422.0,2250717.0,2916369.0,2902815.0,3266514.0
K02909,210840.0,285250.0,410340.0,579180.0,874370.0
K02838,559995.0,662855.0,848780.0,1002700.0,1311280.0
K07173,521550.0,560196.0,817038.0,1021041.0,1329183.0
K04487,1234624.0,1740836.0,2357340.0,2471672.0,2758108.0
K02058,974352.0,715182.0,313548.0,82680.0,30210.0
K00831,1110616.0,1860680.0,2662872.0,3146866.0,4898946.0
K02899,262140.0,371875.0,585820.0,816170.0,1038955.0
K10001,948280.0,1043108.0,1158472.0,997506.0,944958.0
K10014,827060.0,1104480.0,1471600.0,1786720.0,2319720.0
K03782,2373600.0,2805632.0,2868192.0,3011712.0,3721952.0
K03563,197396.0,286578.0,336354.0,410408.0,430050.0
K01703,1524752.0,2324874.0,2748468.0,2587232.0,2689752.0
K00033,1564992.0,2363400.0,4014504.0,5271552.0,8191404.0
K02114,467735.0,647184.0,932551.0,1016924.0,1086285.0
K11069,1190160.0,1286556.0,1805772.0,1921308.0,1888944.0
K10914,720510.0,890400.0,934500.0,941010.0,972930.0
K02911,196935.0,243675.0,358929.0,495786.0,701841.0
K00813,1376892.0,2543508.0,3739428.0,3500640.0,3734280.0
K00794,555672.0,855036.0,1398540.0,1579500.0,1743612.0
K03704,306684.0,291480.0,233184.0,172200.0,83664.0
K01649,1912088.0,2873362.0,2879115.0,2511446.0,2276096.0
K03040,1223222.0,1852599.0,2577715.0,2797487.0,3355800.0
K00647,1577716.0,1615474.0,1468502.0,1537928.0,1544424.0
K00133,1450017.0,2460735.0,3651650.0,5050654.0,7085669.0
K01623,1492634.0,3134868.0,2634082.0,2211088.0,2257464.0
K01580,1864000.0,1304334.0,598344.0,806180.0,1117934.0
K00138,2194016.0,1341992.0,449860.0,208128.0,66666.0
K11073,1511080.0,1243200.0,1203610.0,1132200.0,1063380.0
K02892,411900.0,548000.0,864200.0,1119900.0,1500000.0
K01716,718272.0,787588.0,1039224.0,1294300.0,1231176.0
K00163,3773298.0,5366350.0,6527433.0,7574093.0,8971118.0
K01610,2302560.0,3361500.0,3499200.0,2305800.0,1155060.0
K00940,619047.0,1293864.0,2210923.0,2290574.0,1752465.0
K00600,1813116.0,2813916.0,3650418.0,5516076.0,6561495.0
K02954,446218.0,607818.0,1012222.0,1246845.0,1587821.0
K03719,792783.0,952260.0,1046778.0,1058106.0,1310862.0
K02961,377664.0,476280.0,764988.0,1163232.0,1274196.0
K00616,1443935.0,2037042.0,2777554.0,3444839.0,4082960.0
K02055,1736217.0,1218819.0,366141.0,186690.0,80010.0
K00549,3435939.0,7429851.0,17285868.0,31559736.0,30013827.0
K03545,1615600.0,2198700.0,3400950.0,3979150.0,5367600.0
K02994,604370.0,754260.0,1235650.0,1542190.0,2133300.0
K01902,1347607.0,2645217.0,3453839.0,3715095.0,2718912.0
K02948,604881.0,747942.0,1164096.0,1602696.0,1997049.0
K01939,2050704.0,2616624.0,2966544.0,3328560.0,4289760.0
K02913,262075.0,354585.0,544720.0,694760.0,1001385.0
K01803,1219920.0,1384395.0,1555755.0,1770210.0,2034390.0
K02881,567099.0,769743.0,1178892.0,1578564.0,1999179.0
K03071,756090.0,1029975.0,1488930.0,1704070.0,1901695.0
K02874,613401.0,801345.0,1280430.0,1774644.0,2251023.0
K02793,1611124.0,2786198.0,4961926.0,4357593.0,2677347.0
K07773,2073848.0,1814008.0,1732402.0,1813602.0,1820098.0
K00757,1301496.0,1477518.0,1176020.0,1242822.0,1116838.0
K00094,1786398.0,0.0,0.0,0.0,0.0
K13979,1828760.0,1302119.0,1108075.0,888903.0,774431.0
K00208,1377072.0,1605274.0,2116960.0,2651440.0,3949388.0
K00609,1635238.0,3181841.0,3913935.0,5800772.0,5268340.0
K02972,237690.0,267075.0,351315.0,368775.0,417330.0
K02887,631418.0,949664.0,1301658.0,1731650.0,1860978.0
K02888,551565.0,734802.0,1187384.0,1480419.0,1839271.0
K01704,1093239.0,1876737.0,1997136.0,2039346.0,2274516.0
K01903,2122360.0,3701520.0,5023824.0,5556936.0,3836156.0
K00382,2595150.0,4794984.0,6977280.0,7400088.0,7658418.0
K04072,4906737.0,6020487.0,8404803.0,9732393.0,9072162.0
K00873,2612730.0,2545990.0,3361440.0,3805590.0,4684490.0
K04047,1124046.0,1577664.0,2397582.0,2498958.0,1945548.0
K02876,827712.0,1119024.0,1812528.0,2357424.0,2884032.0
K06142,2046800.0,2584050.0,3043950.0,3407950.0,4420500.0
K04043,3744422.0,4130412.0,5447882.0,6260056.0,7294254.0
K02879,754761.0,1009396.0,1609217.0,2068703.0,2749677.0
K02784,513655.0,769420.0,1185070.0,1397995.0,1285710.0
K02357,1711301.0,2230606.0,3425998.0,4579223.0,6145911.0
K01647,2582496.0,4140619.0,4596228.0,4530470.0,3354085.0
K02996,790660.0,1037660.0,1600430.0,2023450.0,2878980.0
K02867,864780.0,1149348.0,1791472.0,2358336.0,3143312.0
K02424,1645476.0,2202214.0,3504550.0,4330746.0,4689580.0
K01638,3305666.0,4259736.0,4415372.0,3865316.0,3557242.0
K02886,1693419.0,2585037.0,4346160.0,5452629.0,6751563.0
K02111,3194964.0,4271751.0,6136506.0,6522282.0,6235515.0
K05788,586654.0,575938.0,652736.0,643900.0,682252.0
K02035,3397008.0,4467804.0,6891756.0,7411950.0,8671710.0
K00053,3072187.0,4658608.0,7129320.0,8841928.0,12102168.0
K02906,1331748.0,1884135.0,3275239.0,3758029.0,4966885.0
K02902,506220.0,669240.0,1120548.0,1440348.0,1788150.0
K01682,5684780.0,9315185.0,9861865.0,7865445.0,6787655.0
K02884,756010.0,977960.0,1438190.0,2120715.0,2612800.0
K02406,4444780.0,0.0,0.0,0.0,0.0
K02073,1826540.0,2594825.0,3623541.0,4360932.0,4025705.0
K00610,1034586.0,2286585.0,2204424.0,3541338.0,2922606.0
K03671,975456.0,1204848.0,1587024.0,1706256.0,2005344.0
K02963,517200.0,669600.0,1098300.0,1428375.0,1613250.0
K02945,3889531.0,4996847.0,8114376.0,10406988.0,12948022.0
K01507,1239568.0,1613040.0,2136288.0,2308064.0,2688752.0
K02864,1162755.0,1506285.0,2409000.0,3121305.0,4589145.0
K02965,649796.0,843364.0,1392512.0,1877996.0,2325944.0
K02897,682910.0,856246.0,1328502.0,1680626.0,2283072.0
K02939,1091574.0,1478527.0,2488598.0,3102925.0,4425896.0
K11065,1253112.0,1902600.0,2554104.0,2886912.0,3537408.0
K02926,1503078.0,1907892.0,2869476.0,3721515.0,5014146.0
K01834,1901750.0,2088750.0,2147250.0,2444500.0,2622500.0
K02956,693043.0,853421.0,1375673.0,1710135.0,2287745.0
K01895,5085600.0,6087724.0,4961068.0,2425440.0,968872.0
K02863,1831284.0,2343978.0,3956004.0,4814082.0,6804018.0
K02986,1619160.0,2080394.0,3693374.0,4039248.0,5776858.0
K10439,2345504.0,2886592.0,2851368.0,3031632.0,1645168.0
K01624,2852973.0,3115043.0,4087933.0,5029590.0,7204412.0
K00656,6078480.0,6228960.0,5853520.0,5988040.0,5905960.0
K02968,697305.0,959175.0,1354068.0,1920960.0,2506905.0
K02355,5658048.0,7227968.0,10745856.0,12821952.0,13525248.0
K02895,854880.0,1089296.0,1670032.0,2211456.0,2522832.0
K02112,3863540.0,5666740.0,8353140.0,8627300.0,8935960.0
K02931,1503600.0,1927472.0,3272299.0,3936210.0,5458426.0
K10108,3327588.0,4993560.0,5706360.0,3759228.0,1513512.0
K02933,1492287.0,1859916.0,2924571.0,3909576.0,5205216.0
K02982,1966753.0,2704664.0,4571926.0,5409328.0,6467847.0
K04764,844767.0,847440.0,931095.0,891594.0,928323.0
K02967,2069467.0,2650277.0,4522606.0,5288022.0,7168063.0
K00031,3583008.0,6502912.0,9172384.0,8866624.0,9683648.0
K02871,1236110.0,1826688.0,2718306.0,3497318.0,4225920.0
K10036,2205712.0,3268144.0,4147304.0,3282032.0,2258288.0
K04077,4892544.0,5411500.0,6743688.0,6915212.0,5504112.0
K02878,1218832.0,1478728.0,2473568.0,3243056.0,4108424.0
K02773,1378350.0,2389050.0,2493600.0,2271450.0,1232550.0
K02988,1546587.0,1820634.0,2896782.0,3827473.0,5115377.0
K02946,961814.0,1315001.0,2075347.0,2521852.0,3486550.0
K02907,562565.0,789892.0,1140588.0,1641616.0,1883988.0
K02952,1127490.0,1428862.0,2387730.0,3176678.0,4081384.0
K02992,1491048.0,1981044.0,3039504.0,4120272.0,3477864.0
K02990,1292446.0,1701428.0,2411710.0,3012607.0,3717911.0
K02904,643293.0,837648.0,1184526.0,1878975.0,2440305.0
K02890,1123650.0,1530320.0,2341020.0,3155130.0,3561690.0
K02970,732223.0,1000887.0,1618942.0,2110475.0,2675564.0
K00927,3997323.0,4396320.0,5877369.0,6391692.0,7304238.0
K02914,489578.0,630384.0,751318.0,1391454.0,1490860.0
K10013,2895360.0,3046420.0,1987700.0,2285400.0,990860.0
K03704,771075.0,1126632.0,1402977.0,1956426.0,2352969.0
K12368,6123075.0,7646755.0,9195580.0,8078500.0,5601450.0
K00134,3879982.0,6669650.0,9715843.0,13407155.0,10364603.0
K10540,3992964.0,0.0,0.0,0.0,0.0
K02959,1082318.0,1468046.0,2318632.0,3015550.0,3582908.0
K03386,2505987.0,3740748.0,4366450.0,4405907.0,4981493.0
K01689,5859648.0,6163776.0,8147088.0,9858672.0,13986432.0
K04078,1994360.0,2432652.0,2792980.0,3040304.0,3013148.0
K02935,1688555.0,1992144.0,3426841.0,4405005.0,5925249.0
K03704,1032171.0,1436166.0,2287833.0,2521950.0,2737920.0
K01738,5063025.0,7177706.0,9362155.0,11017853.0,12610889.0
K07248,8023729.0,0.0,0.0,0.0,0.0
K01999,6465806.0,8991867.0,10591620.0,10093968.0,9954875.0
K03530,1631250.0,1980450.0,2191590.0,1843560.0,1653300.0
K00917,7819980.0,0.0,0.0,0.0,0.0
K02777,3190382.0,3334370.0,4164329.0,4379804.0,4234464.0
K02774,1788350.0,0.0,0.0,0.0,0.0
K03746,2606973.0,3062361.0,3569946.0,3590907.0,3604196.0
K00024,6153576.0,9177792.0,11839152.0,12895272.0,9800856.0
K05787,2052450.0,2608560.0,3430350.0,3804570.0,4365900.0
K08302,6609248.0,0.0,0.0,0.0,0.0
K02078,8939700.0,6560750.0,10932950.0,10888850.0,10953600.0
K04564,5450348.0,6360868.0,7287662.0,7321240.0,7590482.0
K01637,13993896.0,20204002.0,16398690.0,10301858.0,6093360.0
K02358,13729100.0,19446350.0,24972850.0,27707050.0,30618350.0
K03313,0.0,0.0,0.0,0.0,0.0
K03717,0.0,0.0,0.0,0.0,0.0
K11753,0.0,0.0,0.0,0.0,0.0
K03101,0.0,0.0,0.0,0.0,0.0
K08277,0.0,0.0,0.0,0.0,0.0
K08299,0.0,0.0,0.0,0.0,0.0
K02182,0.0,0.0,0.0,0.0,0.0
K08298,0.0,0.0,0.0,0.0,0.0
K08297,0.0,0.0,0.0,0.0,0.0
K08368,0.0,0.0,0.0,0.0,0.0
K00097,0.0,0.0,0.0,0.0,0.0
K05801,0.0,0.0,0.0,0.0,0.0
K06177,0.0,0.0,0.0,0.0,0.0
K02336,0.0,0.0,0.0,0.0,0.0
K01786,0.0,0.0,0.0,0.0,0.0
K00853,0.0,0.0,0.0,0.0,0.0
K02062,0.0,0.0,0.0,0.0,0.0
K02063,0.0,0.0,0.0,0.0,0.0
K11925,0.0,0.0,0.0,0.0,0.0
K03291,0.0,0.0,0.0,0.0,0.0
K05798,0.0,0.0,0.0,0.0,0.0
K03586,0.0,0.0,0.0,0.0,0.0
K03587,0.0,0.0,0.0,0.0,0.0
K01000,0.0,0.0,0.0,0.0,0.0
K03588,0.0,0.0,0.0,0.0,0.0
K02563,0.0,0.0,0.0,0.0,0.0
K03589,0.0,0.0,0.0,0.0,0.0
K02535,0.0,0.0,0.0,0.0,0.0
K13301,0.0,0.0,0.0,0.0,0.0
K03574,0.0,0.0,0.0,0.0,0.0
K00859,0.0,0.0,0.0,0.0,0.0
K02505,0.0,0.0,0.0,0.0,0.0
K02504,0.0,0.0,0.0,0.0,0.0
K02682,0.0,0.0,0.0,0.0,0.0
K01611,0.0,0.0,0.0,0.0,0.0
K09686,0.0,0.0,0.0,0.0,0.0
K02821,0.0,0.0,0.0,0.0,0.0
K01579,0.0,0.0,0.0,0.0,0.0
K00950,0.0,0.0,0.0,0.0,0.0
K00970,0.0,0.0,0.0,0.0,0.0
K03579,0.0,0.0,0.0,0.0,0.0
K02013,0.0,0.0,0.0,0.0,0.0
K02016,0.0,0.0,0.0,0.0,0.0
K02015,0.0,0.0,0.0,0.0,0.0
K06858,0.0,0.0,0.0,0.0,0.0
K01129,0.0,0.0,0.0,0.0,0.0
K02647,0.0,0.0,0.0,0.0,0.0
K00099,0.0,0.0,0.0,0.0,0.0
K00806,0.0,0.0,0.0,0.0,0.0
K00981,0.0,0.0,0.0,0.0,0.0
K11749,0.0,0.0,0.0,0.0,0.0
K03470,0.0,0.0,0.0,0.0,0.0
K02337,0.0,0.0,0.0,0.0,0.0
K01582,0.0,0.0,0.0,0.0,0.0
K04075,0.0,0.0,0.0,0.0,0.0
K06080,0.0,0.0,0.0,0.0,0.0
K02072,0.0,0.0,0.0,0.0,0.0
K03273,0.0,0.0,0.0,0.0,0.0
K01977,0.0,0.0,0.0,0.0,0.0
K01980,0.0,0.0,0.0,0.0,0.0
K08307,0.0,0.0,0.0,0.0,0.0
K03469,0.0,0.0,0.0,0.0,0.0
K02342,0.0,0.0,0.0,0.0,0.0
K01506,0.0,0.0,0.0,0.0,0.0
K02400,0.0,0.0,0.0,0.0,0.0
K02557,0.0,0.0,0.0,0.0,0.0
K02346,0.0,0.0,0.0,0.0,0.0
K03830,0.0,0.0,0.0,0.0,0.0
K02839,0.0,0.0,0.0,0.0,0.0
K14234,0.0,0.0,0.0,0.0,0.0
K02010,0.0,0.0,0.0,0.0,0.0
K02011,0.0,0.0,0.0,0.0,0.0
K01714,0.0,0.0,0.0,0.0,0.0
K01687,0.0,0.0,0.0,0.0,0.0
K01198,0.0,0.0,0.0,0.0,0.0
K00611,0.0,0.0,0.0,0.0,0.0
K11177,0.0,0.0,0.0,0.0,0.0
K11178,0.0,0.0,0.0,0.0,0.0
K13483,0.0,0.0,0.0,0.0,0.0
K02909,0.0,0.0,0.0,0.0,0.0
K00108,0.0,0.0,0.0,0.0,0.0
K00130,0.0,0.0,0.0,0.0,0.0
K02167,0.0,0.0,0.0,0.0,0.0
K13244,0.0,0.0,0.0,0.0,0.0
K00926,0.0,0.0,0.0,0.0,0.0
K02688,0.0,0.0,0.0,0.0,0.0
K01908,0.0,0.0,0.0,0.0,0.0
K11921,0.0,0.0,0.0,0.0,0.0
K01673,0.0,0.0,0.0,0.0,0.0
K01725,0.0,0.0,0.0,0.0,0.0
K03449,0.0,0.0,0.0,0.0,0.0
K05712,0.0,0.0,0.0,0.0,0.0
K05713,0.0,0.0,0.0,0.0,0.0
K05714,0.0,0.0,0.0,0.0,0.0
K02554,0.0,0.0,0.0,0.0,0.0
K04073,0.0,0.0,0.0,0.0,0.0
K01666,0.0,0.0,0.0,0.0,0.0
K05819,0.0,0.0,0.0,0.0,0.0
K01070,0.0,0.0,0.0,0.0,0.0
K02051,0.0,0.0,0.0,0.0,0.0
K02049,0.0,0.0,0.0,0.0,0.0
K02050,0.0,0.0,0.0,0.0,0.0
K03119,0.0,0.0,0.0,0.0,0.0
K01077,0.0,0.0,0.0,0.0,0.0
K08156,0.0,0.0,0.0,0.0,0.0
K03546,0.0,0.0,0.0,0.0,0.0
K03547,0.0,0.0,0.0,0.0,0.0
K07636,0.0,0.0,0.0,0.0,0.0
K01187,0.0,0.0,0.0,0.0,0.0
K08682,0.0,0.0,0.0,0.0,0.0
K07568,0.0,0.0,0.0,0.0,0.0
K01095,0.0,0.0,0.0,0.0,0.0
K03151,0.0,0.0,0.0,0.0,0.0
K00077,0.0,0.0,0.0,0.0,0.0
K02301,0.0,0.0,0.0,0.0,0.0
K02300,0.0,0.0,0.0,0.0,0.0
K02299,0.0,0.0,0.0,0.0,0.0
K08218,0.0,0.0,0.0,0.0,0.0
K02237,0.0,0.0,0.0,0.0,0.0
K11938,0.0,0.0,0.0,0.0,0.0
K05800,0.0,0.0,0.0,0.0,0.0
K06147,0.0,0.0,0.0,0.0,0.0
K06148,0.0,0.0,0.0,0.0,0.0
K01983,0.0,0.0,0.0,0.0,0.0
K00661,0.0,0.0,0.0,0.0,0.0
K03577,0.0,0.0,0.0,0.0,0.0
K04067,0.0,0.0,0.0,0.0,0.0
K06187,0.0,0.0,0.0,0.0,0.0
K01772,0.0,0.0,0.0,0.0,0.0
K01066,0.0,0.0,0.0,0.0,0.0
K00892,0.0,0.0,0.0,0.0,0.0
K08223,0.0,0.0,0.0,0.0,0.0
K01425,0.0,0.0,0.0,0.0,0.0
K11923,0.0,0.0,0.0,0.0,0.0
K02068,0.0,0.0,0.0,0.0,0.0
K02069,0.0,0.0,0.0,0.0,0.0
K00540,0.0,0.0,0.0,0.0,0.0
K10972,0.0,0.0,0.0,0.0,0.0
K01483,0.0,0.0,0.0,0.0,0.0
K01608,0.0,0.0,0.0,0.0,0.0
K01816,0.0,0.0,0.0,0.0,0.0
K00042,0.0,0.0,0.0,0.0,0.0
K01466,0.0,0.0,0.0,0.0,0.0
K00865,0.0,0.0,0.0,0.0,0.0
K02083,0.0,0.0,0.0,0.0,0.0
K00073,0.0,0.0,0.0,0.0,0.0
K00926,0.0,0.0,0.0,0.0,0.0
K03269,0.0,0.0,0.0,0.0,0.0
K07352,0.0,0.0,0.0,0.0,0.0
K07353,0.0,0.0,0.0,0.0,0.0
K07354,0.0,0.0,0.0,0.0,0.0
K07356,0.0,0.0,0.0,0.0,0.0
K07355,0.0,0.0,0.0,0.0,0.0
K07688,0.0,0.0,0.0,0.0,0.0
K14219,0.0,0.0,0.0,0.0,0.0
K01160,0.0,0.0,0.0,0.0,0.0
K01185,0.0,0.0,0.0,0.0,0.0
K07780,0.0,0.0,0.0,0.0,0.0
K11920,0.0,0.0,0.0,0.0,0.0
K07644,0.0,0.0,0.0,0.0,0.0
K07787,0.0,0.0,0.0,0.0,0.0
K02362,0.0,0.0,0.0,0.0,0.0
K02364,0.0,0.0,0.0,0.0,0.0
K02013,0.0,0.0,0.0,0.0,0.0
K02015,0.0,0.0,0.0,0.0,0.0
K02015,0.0,0.0,0.0,0.0,0.0
K08225,0.0,0.0,0.0,0.0,0.0
K02361,0.0,0.0,0.0,0.0,0.0
K02363,0.0,0.0,0.0,0.0,0.0
K01252,0.0,0.0,0.0,0.0,0.0
K00216,0.0,0.0,0.0,0.0,0.0
K08317,0.0,0.0,0.0,0.0,0.0
K14287,0.0,0.0,0.0,0.0,0.0
K01169,0.0,0.0,0.0,0.0,0.0
K09477,0.0,0.0,0.0,0.0,0.0
K05966,0.0,0.0,0.0,0.0,0.0
K05964,0.0,0.0,0.0,0.0,0.0
K01643,0.0,0.0,0.0,0.0,0.0
K01644,0.0,0.0,0.0,0.0,0.0
K01646,0.0,0.0,0.0,0.0,0.0
K01910,0.0,0.0,0.0,0.0,0.0
K07700,0.0,0.0,0.0,0.0,0.0
K07702,0.0,0.0,0.0,0.0,0.0
K12973,0.0,0.0,0.0,0.0,0.0
K03425,0.0,0.0,0.0,0.0,0.0
K03801,0.0,0.0,0.0,0.0,0.0
K05837,0.0,0.0,0.0,0.0,0.0
K05515,0.0,0.0,0.0,0.0,0.0
K02226,0.0,0.0,0.0,0.0,0.0
K00969,0.0,0.0,0.0,0.0,0.0
K02340,0.0,0.0,0.0,0.0,0.0
K04045,0.0,0.0,0.0,0.0,0.0
K10004,0.0,0.0,0.0,0.0,0.0
K10002,0.0,0.0,0.0,0.0,0.0
K10003,0.0,0.0,0.0,0.0,0.0
K03820,0.0,0.0,0.0,0.0,0.0
K14223,0.0,0.0,0.0,0.0,0.0
K14223,0.0,0.0,0.0,0.0,0.0
K14228,0.0,0.0,0.0,0.0,0.0
K14230,0.0,0.0,0.0,0.0,0.0
K01581,0.0,0.0,0.0,0.0,0.0
K07667,0.0,0.0,0.0,0.0,0.0
K07646,0.0,0.0,0.0,0.0,0.0
K01548,0.0,0.0,0.0,0.0,0.0
K01547,0.0,0.0,0.0,0.0,0.0
K01546,0.0,0.0,0.0,0.0,0.0
K01669,0.0,0.0,0.0,0.0,0.0
K05522,0.0,0.0,0.0,0.0,0.0
K00241,0.0,0.0,0.0,0.0,0.0
K11922,0.0,0.0,0.0,0.0,0.0
K11198,0.0,0.0,0.0,0.0,0.0
K01191,0.0,0.0,0.0,0.0,0.0
K14237,0.0,0.0,0.0,0.0,0.0
K14229,0.0,0.0,0.0,0.0,0.0
K02019,0.0,0.0,0.0,0.0,0.0
K02018,0.0,0.0,0.0,0.0,0.0
K01681,0.0,0.0,0.0,0.0,0.0
K00833,0.0,0.0,0.0,0.0,0.0
K01012,0.0,0.0,0.0,0.0,0.0
K00652,0.0,0.0,0.0,0.0,0.0
K03639,0.0,0.0,0.0,0.0,0.0
K06132,0.0,0.0,0.0,0.0,0.0
K09686,0.0,0.0,0.0,0.0,0.0
K09686,0.0,0.0,0.0,0.0,0.0
K01990,0.0,0.0,0.0,0.0,0.0
K11927,0.0,0.0,0.0,0.0,0.0
K03722,0.0,0.0,0.0,0.0,0.0
K07336,0.0,0.0,0.0,0.0,0.0
K06970,0.0,0.0,0.0,0.0,0.0
K10037,0.0,0.0,0.0,0.0,0.0
K11924,0.0,0.0,0.0,0.0,0.0
K07757,0.0,0.0,0.0,0.0,0.0
K00656,0.0,0.0,0.0,0.0,0.0
K04069,0.0,0.0,0.0,0.0,0.0
K08313,0.0,0.0,0.0,0.0,0.0
K11996,0.0,0.0,0.0,0.0,0.0
K13051,0.0,0.0,0.0,0.0,0.0
K13892,0.0,0.0,0.0,0.0,0.0
K13890,0.0,0.0,0.0,0.0,0.0
K13891,0.0,0.0,0.0,0.0,0.0
K11534,0.0,0.0,0.0,0.0,0.0
K06153,0.0,0.0,0.0,0.0,0.0
K08160,0.0,0.0,0.0,0.0,0.0
K03674,0.0,0.0,0.0,0.0,0.0
K11075,0.0,0.0,0.0,0.0,0.0
K11074,0.0,0.0,0.0,0.0,0.0
K03212,0.0,0.0,0.0,0.0,0.0
K09998,0.0,0.0,0.0,0.0,0.0
K09999,0.0,0.0,0.0,0.0,0.0
K11066,0.0,0.0,0.0,0.0,0.0
K11933,0.0,0.0,0.0,0.0,0.0
K05601,0.0,0.0,0.0,0.0,0.0
K06188,0.0,0.0,0.0,0.0,0.0
K05685,0.0,0.0,0.0,0.0,0.0
K00684,0.0,0.0,0.0,0.0,0.0
K06148,0.0,0.0,0.0,0.0,0.0
K06148,0.0,0.0,0.0,0.0,0.0
K03466,0.0,0.0,0.0,0.0,0.0
K07306,0.0,0.0,0.0,0.0,0.0
K08219,0.0,0.0,0.0,0.0,0.0
K07387,0.0,0.0,0.0,0.0,0.0
K02238,0.0,0.0,0.0,0.0,0.0
K00912,0.0,0.0,0.0,0.0,0.0
K03633,0.0,0.0,0.0,0.0,0.0
K02049,0.0,0.0,0.0,0.0,0.0
K02050,0.0,0.0,0.0,0.0,0.0
K04091,0.0,0.0,0.0,0.0,0.0
K02051,0.0,0.0,0.0,0.0,0.0
K00299,0.0,0.0,0.0,0.0,0.0
K07347,0.0,0.0,0.0,0.0,0.0
K04770,0.0,0.0,0.0,0.0,0.0
K13053,0.0,0.0,0.0,0.0,0.0
K11179,0.0,0.0,0.0,0.0,0.0
K14233,0.0,0.0,0.0,0.0,0.0
K06282,0.0,0.0,0.0,0.0,0.0
K06281,0.0,0.0,0.0,0.0,0.0
K03605,0.0,0.0,0.0,0.0,0.0
K00425,0.0,0.0,0.0,0.0,0.0
K00426,0.0,0.0,0.0,0.0,0.0
K01093,0.0,0.0,0.0,0.0,0.0
K01104,0.0,0.0,0.0,0.0,0.0
K03704,0.0,0.0,0.0,0.0,0.0
K03704,0.0,0.0,0.0,0.0,0.0
K07647,0.0,0.0,0.0,0.0,0.0
K07772,0.0,0.0,0.0,0.0,0.0
K03532,0.0,0.0,0.0,0.0,0.0
K07811,0.0,0.0,0.0,0.0,0.0
K03533,0.0,0.0,0.0,0.0,0.0
K09024,0.0,0.0,0.0,0.0,0.0
K09019,0.0,0.0,0.0,0.0,0.0
K09023,0.0,0.0,0.0,0.0,0.0
K09021,0.0,0.0,0.0,0.0,0.0
K09020,0.0,0.0,0.0,0.0,0.0
K09018,0.0,0.0,0.0,0.0,0.0
K09017,0.0,0.0,0.0,0.0,0.0
K13821,0.0,0.0,0.0,0.0,0.0
K14233,0.0,0.0,0.0,0.0,0.0
K06214,0.0,0.0,0.0,0.0,0.0
K04337,0.0,0.0,0.0,0.0,0.0
K04335,0.0,0.0,0.0,0.0,0.0
K08161,0.0,0.0,0.0,0.0,0.0
K02517,0.0,0.0,0.0,0.0,0.0
K08162,0.0,0.0,0.0,0.0,0.0
K03790,0.0,0.0,0.0,0.0,0.0
K03980,0.0,0.0,0.0,0.0,0.0
K02386,0.0,0.0,0.0,0.0,0.0
K02387,0.0,0.0,0.0,0.0,0.0
K02388,0.0,0.0,0.0,0.0,0.0
K02389,0.0,0.0,0.0,0.0,0.0
K02390,0.0,0.0,0.0,0.0,0.0
K02391,0.0,0.0,0.0,0.0,0.0
K02392,0.0,0.0,0.0,0.0,0.0
K02394,0.0,0.0,0.0,0.0,0.0
K02395,0.0,0.0,0.0,0.0,0.0
K03621,0.0,0.0,0.0,0.0,0.0
K02619,0.0,0.0,0.0,0.0,0.0
K02341,0.0,0.0,0.0,0.0,0.0
K07251,0.0,0.0,0.0,0.0,0.0
K09808,0.0,0.0,0.0,0.0,0.0
K09808,0.0,0.0,0.0,0.0,0.0
K11070,0.0,0.0,0.0,0.0,0.0
K11071,0.0,0.0,0.0,0.0,0.0
K07637,0.0,0.0,0.0,0.0,0.0
K12152,0.0,0.0,0.0,0.0,0.0
K06181,0.0,0.0,0.0,0.0,0.0
K03503,0.0,0.0,0.0,0.0,0.0
K03502,0.0,0.0,0.0,0.0,0.0
K03611,0.0,0.0,0.0,0.0,0.0
K03314,0.0,0.0,0.0,0.0,0.0
K08308,0.0,0.0,0.0,0.0,0.0
K05880,0.0,0.0,0.0,0.0,0.0
K01056,0.0,0.0,0.0,0.0,0.0
K00919,0.0,0.0,0.0,0.0,0.0
K02492,0.0,0.0,0.0,0.0,0.0
K02835,0.0,0.0,0.0,0.0,0.0
K02493,0.0,0.0,0.0,0.0,0.0
K07673,0.0,0.0,0.0,0.0,0.0
K02575,0.0,0.0,0.0,0.0,0.0
K00370,0.0,0.0,0.0,0.0,0.0
K00371,0.0,0.0,0.0,0.0,0.0
K00373,0.0,0.0,0.0,0.0,0.0
K00374,0.0,0.0,0.0,0.0,0.0
K00857,0.0,0.0,0.0,0.0,0.0
K02033,0.0,0.0,0.0,0.0,0.0
K02034,0.0,0.0,0.0,0.0,0.0
K02031,0.0,0.0,0.0,0.0,0.0
K02032,0.0,0.0,0.0,0.0,0.0
K06131,0.0,0.0,0.0,0.0,0.0
K10806,0.0,0.0,0.0,0.0,0.0
K00798,0.0,0.0,0.0,0.0,0.0
K01497,0.0,0.0,0.0,0.0,0.0
K01096,0.0,0.0,0.0,0.0,0.0
K03113,0.0,0.0,0.0,0.0,0.0
K14051,0.0,0.0,0.0,0.0,0.0
K02032,0.0,0.0,0.0,0.0,0.0
K02031,0.0,0.0,0.0,0.0,0.0
K02034,0.0,0.0,0.0,0.0,0.0
K02033,0.0,0.0,0.0,0.0,0.0
K09470,0.0,0.0,0.0,0.0,0.0
K09473,0.0,0.0,0.0,0.0,0.0
K14056,0.0,0.0,0.0,0.0,0.0
K09472,0.0,0.0,0.0,0.0,0.0
K09471,0.0,0.0,0.0,0.0,0.0
K00823,0.0,0.0,0.0,0.0,0.0
K03974,0.0,0.0,0.0,0.0,0.0
K03973,0.0,0.0,0.0,0.0,0.0
K00690,0.0,0.0,0.0,0.0,0.0
K02027,0.0,0.0,0.0,0.0,0.0
K02025,0.0,0.0,0.0,0.0,0.0
K02026,0.0,0.0,0.0,0.0,0.0
K04844,0.0,0.0,0.0,0.0,0.0
K01838,0.0,0.0,0.0,0.0,0.0
K00567,0.0,0.0,0.0,0.0,0.0
K14057,0.0,0.0,0.0,0.0,0.0
K05591,0.0,0.0,0.0,0.0,0.0
K07455,0.0,0.0,0.0,0.0,0.0
K14063,0.0,0.0,0.0,0.0,0.0
K00146,0.0,0.0,0.0,0.0,0.0
K00276,0.0,0.0,0.0,0.0,0.0
K02618,0.0,0.0,0.0,0.0,0.0
K02609,0.0,0.0,0.0,0.0,0.0
K02610,0.0,0.0,0.0,0.0,0.0
K02611,0.0,0.0,0.0,0.0,0.0
K02612,0.0,0.0,0.0,0.0,0.0
K02613,0.0,0.0,0.0,0.0,0.0
K01692,0.0,0.0,0.0,0.0,0.0
K01692,0.0,0.0,0.0,0.0,0.0
K00074,0.0,0.0,0.0,0.0,0.0
K02614,0.0,0.0,0.0,0.0,0.0
K02615,0.0,0.0,0.0,0.0,0.0
K01912,0.0,0.0,0.0,0.0,0.0
K02616,0.0,0.0,0.0,0.0,0.0
K00981,0.0,0.0,0.0,0.0,0.0
K03578,0.0,0.0,0.0,0.0,0.0
K08303,0.0,0.0,0.0,0.0,0.0
K02054,0.0,0.0,0.0,0.0,0.0
K02053,0.0,0.0,0.0,0.0,0.0
K03823,0.0,0.0,0.0,0.0,0.0
K13654,0.0,0.0,0.0,0.0,0.0
K00675,0.0,0.0,0.0,0.0,0.0
K08347,0.0,0.0,0.0,0.0,0.0
K08361,0.0,0.0,0.0,0.0,0.0
K08346,0.0,0.0,0.0,0.0,0.0
K08345,0.0,0.0,0.0,0.0,0.0
K02575,0.0,0.0,0.0,0.0,0.0
K08348,0.0,0.0,0.0,0.0,0.0
K08349,0.0,0.0,0.0,0.0,0.0
K08350,0.0,0.0,0.0,0.0,0.0
K02032,0.0,0.0,0.0,0.0,0.0
K02031,0.0,0.0,0.0,0.0,0.0
K02034,0.0,0.0,0.0,0.0,0.0
K02033,0.0,0.0,0.0,0.0,0.0
K08641,0.0,0.0,0.0,0.0,0.0
K13243,0.0,0.0,0.0,0.0,0.0
K02471,0.0,0.0,0.0,0.0,0.0
K00123,0.0,0.0,0.0,0.0,0.0
K10556,0.0,0.0,0.0,0.0,0.0
K10557,0.0,0.0,0.0,0.0,0.0
K00041,0.0,0.0,0.0,0.0,0.0
K01425,0.0,0.0,0.0,0.0,0.0
K08324,0.0,0.0,0.0,0.0,0.0
K08159,0.0,0.0,0.0,0.0,0.0
K03712,0.0,0.0,0.0,0.0,0.0
K13632,0.0,0.0,0.0,0.0,0.0
K03704,0.0,0.0,0.0,0.0,0.0
K01185,0.0,0.0,0.0,0.0,0.0
K03704,0.0,0.0,0.0,0.0,0.0
K03704,0.0,0.0,0.0,0.0,0.0
K08322,0.0,0.0,0.0,0.0,0.0
K07309,0.0,0.0,0.0,0.0,0.0
K07310,0.0,0.0,0.0,0.0,0.0
K01935,0.0,0.0,0.0,0.0,0.0
K08224,0.0,0.0,0.0,0.0,0.0
K04775,0.0,0.0,0.0,0.0,0.0
K13938,0.0,0.0,0.0,0.0,0.0
K07639,0.0,0.0,0.0,0.0,0.0
K10748,0.0,0.0,0.0,0.0,0.0
K02790,0.0,0.0,0.0,0.0,0.0
K14155,0.0,0.0,0.0,0.0,0.0
K10773,0.0,0.0,0.0,0.0,0.0
K00868,0.0,0.0,0.0,0.0,0.0
K10680,0.0,0.0,0.0,0.0,0.0
K03724,0.0,0.0,0.0,0.0,0.0
K08156,0.0,0.0,0.0,0.0,0.0
K14237,0.0,0.0,0.0,0.0,0.0
K14237,0.0,0.0,0.0,0.0,0.0
K05887,0.0,0.0,0.0,0.0,0.0
K12507,0.0,0.0,0.0,0.0,0.0
K01626,0.0,0.0,0.0,0.0,0.0
K13695,0.0,0.0,0.0,0.0,0.0
K06074,0.0,0.0,0.0,0.0,0.0
K06073,0.0,0.0,0.0,0.0,0.0
K01222,0.0,0.0,0.0,0.0,0.0
K03490,0.0,0.0,0.0,0.0,0.0
K02759,0.0,0.0,0.0,0.0,0.0
K02761,0.0,0.0,0.0,0.0,0.0
K05984,0.0,0.0,0.0,0.0,0.0
K05526,0.0,0.0,0.0,0.0,0.0
K01484,0.0,0.0,0.0,0.0,0.0
K06447,0.0,0.0,0.0,0.0,0.0
K00673,0.0,0.0,0.0,0.0,0.0
K05777,0.0,0.0,0.0,0.0,0.0
K05778,0.0,0.0,0.0,0.0,0.0
K05779,0.0,0.0,0.0,0.0,0.0
K08320,0.0,0.0,0.0,0.0,0.0
K03169,0.0,0.0,0.0,0.0,0.0
K04773,0.0,0.0,0.0,0.0,0.0
K08369,0.0,0.0,0.0,0.0,0.0
K08369,0.0,0.0,0.0,0.0,0.0
K03449,0.0,0.0,0.0,0.0,0.0
K13069,0.0,0.0,0.0,0.0,0.0
K07246,0.0,0.0,0.0,0.0,0.0
K00517,0.0,0.0,0.0,0.0,0.0
K03684,0.0,0.0,0.0,0.0,0.0
K01529,0.0,0.0,0.0,0.0,0.0
K01665,0.0,0.0,0.0,0.0,0.0
K01752,0.0,0.0,0.0,0.0,0.0
K00563,0.0,0.0,0.0,0.0,0.0
K08169,0.0,0.0,0.0,0.0,0.0
K03799,0.0,0.0,0.0,0.0,0.0
K11392,0.0,0.0,0.0,0.0,0.0
K07313,0.0,0.0,0.0,0.0,0.0
K02345,0.0,0.0,0.0,0.0,0.0
K10857,0.0,0.0,0.0,0.0,0.0
K01354,0.0,0.0,0.0,0.0,0.0
K01690,0.0,0.0,0.0,0.0,0.0
K02560,0.0,0.0,0.0,0.0,0.0
K09815,0.0,0.0,0.0,0.0,0.0
K09817,0.0,0.0,0.0,0.0,0.0
K09816,0.0,0.0,0.0,0.0,0.0
K03551,0.0,0.0,0.0,0.0,0.0
K01159,0.0,0.0,0.0,0.0,0.0
K08310,0.0,0.0,0.0,0.0,0.0
K07812,0.0,0.0,0.0,0.0,0.0
K03516,0.0,0.0,0.0,0.0,0.0
K02400,0.0,0.0,0.0,0.0,0.0
K02401,0.0,0.0,0.0,0.0,0.0
K03412,0.0,0.0,0.0,0.0,0.0
K00575,0.0,0.0,0.0,0.0,0.0
K05877,0.0,0.0,0.0,0.0,0.0
K02557,0.0,0.0,0.0,0.0,0.0
K02556,0.0,0.0,0.0,0.0,0.0
K02402,0.0,0.0,0.0,0.0,0.0
K02403,0.0,0.0,0.0,0.0,0.0
K10539,0.0,0.0,0.0,0.0,0.0
K14228,0.0,0.0,0.0,0.0,0.0
K14222,0.0,0.0,0.0,0.0,0.0
K00995,0.0,0.0,0.0,0.0,0.0
K03703,0.0,0.0,0.0,0.0,0.0
K07782,0.0,0.0,0.0,0.0,0.0
K10009,0.0,0.0,0.0,0.0,0.0
K02425,0.0,0.0,0.0,0.0,0.0
K02422,0.0,0.0,0.0,0.0,0.0
K02423,0.0,0.0,0.0,0.0,0.0
K03829,0.0,0.0,0.0,0.0,0.0
K02408,0.0,0.0,0.0,0.0,0.0
K02409,0.0,0.0,0.0,0.0,0.0
K02412,0.0,0.0,0.0,0.0,0.0
K02413,0.0,0.0,0.0,0.0,0.0
K02414,0.0,0.0,0.0,0.0,0.0
K02415,0.0,0.0,0.0,0.0,0.0
K02416,0.0,0.0,0.0,0.0,0.0
K02418,0.0,0.0,0.0,0.0,0.0
K02419,0.0,0.0,0.0,0.0,0.0
K02420,0.0,0.0,0.0,0.0,0.0
K02421,0.0,0.0,0.0,0.0,0.0
K07781,0.0,0.0,0.0,0.0,0.0
K07458,0.0,0.0,0.0,0.0,0.0
K00558,0.0,0.0,0.0,0.0,0.0
K02484,0.0,0.0,0.0,0.0,0.0
K07127,0.0,0.0,0.0,0.0,0.0
K14233,0.0,0.0,0.0,0.0,0.0
K08172,0.0,0.0,0.0,0.0,0.0
K13635,0.0,0.0,0.0,0.0,0.0
K14220,0.0,0.0,0.0,0.0,0.0
K00768,0.0,0.0,0.0,0.0,0.0
K02233,0.0,0.0,0.0,0.0,0.0
K02231,0.0,0.0,0.0,0.0,0.0
K07258,0.0,0.0,0.0,0.0,0.0
K01141,0.0,0.0,0.0,0.0,0.0
K01814,0.0,0.0,0.0,0.0,0.0
K00012,0.0,0.0,0.0,0.0,0.0
K08280,0.0,0.0,0.0,0.0,0.0
K13008,0.0,0.0,0.0,0.0,0.0
K01043,0.0,0.0,0.0,0.0,0.0
K01840,0.0,0.0,0.0,0.0,0.0
K00971,0.0,0.0,0.0,0.0,0.0
K03207,0.0,0.0,0.0,0.0,0.0
K02377,0.0,0.0,0.0,0.0,0.0
K01711,0.0,0.0,0.0,0.0,0.0
K03818,0.0,0.0,0.0,0.0,0.0
K13683,0.0,0.0,0.0,0.0,0.0
K13684,0.0,0.0,0.0,0.0,0.0
K03819,0.0,0.0,0.0,0.0,0.0
K01104,0.0,0.0,0.0,0.0,0.0
K01494,0.0,0.0,0.0,0.0,0.0
K00876,0.0,0.0,0.0,0.0,0.0
K01247,0.0,0.0,0.0,0.0,0.0
K04046,0.0,0.0,0.0,0.0,0.0
K07799,0.0,0.0,0.0,0.0,0.0
K07788,0.0,0.0,0.0,0.0,0.0
K07789,0.0,0.0,0.0,0.0,0.0
K07642,0.0,0.0,0.0,0.0,0.0
K05521,0.0,0.0,0.0,0.0,0.0
K02478,0.0,0.0,0.0,0.0,0.0
K05846,0.0,0.0,0.0,0.0,0.0
K05847,0.0,0.0,0.0,0.0,0.0
K05846,0.0,0.0,0.0,0.0,0.0
K07262,0.0,0.0,0.0,0.0,0.0
K05541,0.0,0.0,0.0,0.0,0.0
K17722,0.0,0.0,0.0,0.0,0.0
K17723,0.0,0.0,0.0,0.0,0.0
K10541,0.0,0.0,0.0,0.0,0.0
K02529,0.0,0.0,0.0,0.0,0.0
K01151,0.0,0.0,0.0,0.0,0.0
K10213,0.0,0.0,0.0,0.0,0.0
K16329,0.0,0.0,0.0,0.0,0.0
K16328,0.0,0.0,0.0,0.0,0.0
K03291,0.0,0.0,0.0,0.0,0.0
K13694,0.0,0.0,0.0,0.0,0.0
K13893,0.0,0.0,0.0,0.0,0.0
K13894,0.0,0.0,0.0,0.0,0.0
K13895,0.0,0.0,0.0,0.0,0.0
K13896,0.0,0.0,0.0,0.0,0.0
K07552,0.0,0.0,0.0,0.0,0.0
K14232,0.0,0.0,0.0,0.0,0.0
K02199,0.0,0.0,0.0,0.0,0.0
K02196,0.0,0.0,0.0,0.0,0.0
K02195,0.0,0.0,0.0,0.0,0.0
K02194,0.0,0.0,0.0,0.0,0.0
K02193,0.0,0.0,0.0,0.0,0.0
K02569,0.0,0.0,0.0,0.0,0.0
K02568,0.0,0.0,0.0,0.0,0.0
K02574,0.0,0.0,0.0,0.0,0.0
K02573,0.0,0.0,0.0,0.0,0.0
K02567,0.0,0.0,0.0,0.0,0.0
K02570,0.0,0.0,0.0,0.0,0.0
K02572,0.0,0.0,0.0,0.0,0.0
K00116,0.0,0.0,0.0,0.0,0.0
K06159,0.0,0.0,0.0,0.0,0.0
K03919,0.0,0.0,0.0,0.0,0.0
K10778,0.0,0.0,0.0,0.0,0.0
K07677,0.0,0.0,0.0,0.0,0.0
K07710,0.0,0.0,0.0,0.0,0.0
K07714,0.0,0.0,0.0,0.0,0.0
K01034,0.0,0.0,0.0,0.0,0.0
K01035,0.0,0.0,0.0,0.0,0.0
K02106,0.0,0.0,0.0,0.0,0.0
K00626,0.0,0.0,0.0,0.0,0.0
K01126,0.0,0.0,0.0,0.0,0.0
K02445,0.0,0.0,0.0,0.0,0.0
K00111,0.0,0.0,0.0,0.0,0.0
K00112,0.0,0.0,0.0,0.0,0.0
K00113,0.0,0.0,0.0,0.0,0.0
K12660,0.0,0.0,0.0,0.0,0.0
K12661,0.0,0.0,0.0,0.0,0.0
K12944,0.0,0.0,0.0,0.0,0.0
K13014,0.0,0.0,0.0,0.0,0.0
K07264,0.0,0.0,0.0,0.0,0.0
K12963,0.0,0.0,0.0,0.0,0.0
K01911,0.0,0.0,0.0,0.0,0.0
K02549,0.0,0.0,0.0,0.0,0.0
K08680,0.0,0.0,0.0,0.0,0.0
K02551,0.0,0.0,0.0,0.0,0.0
K02552,0.0,0.0,0.0,0.0,0.0
K00784,0.0,0.0,0.0,0.0,0.0
K00343,0.0,0.0,0.0,0.0,0.0
K00342,0.0,0.0,0.0,0.0,0.0
K00339,0.0,0.0,0.0,0.0,0.0
K00337,0.0,0.0,0.0,0.0,0.0
K10015,0.0,0.0,0.0,0.0,0.0
K10016,0.0,0.0,0.0,0.0,0.0
K03186,0.0,0.0,0.0,0.0,0.0
K11754,0.0,0.0,0.0,0.0,0.0
K06173,0.0,0.0,0.0,0.0,0.0
K07261,0.0,0.0,0.0,0.0,0.0
K08296,0.0,0.0,0.0,0.0,0.0
K14219,0.0,0.0,0.0,0.0,0.0
K13636,0.0,0.0,0.0,0.0,0.0
K01753,0.0,0.0,0.0,0.0,0.0
K07786,0.0,0.0,0.0,0.0,0.0
K07797,0.0,0.0,0.0,0.0,0.0
K07690,0.0,0.0,0.0,0.0,0.0
K07679,0.0,0.0,0.0,0.0,0.0
K01577,0.0,0.0,0.0,0.0,0.0
K07749,0.0,0.0,0.0,0.0,0.0
K12974,0.0,0.0,0.0,0.0,0.0
K02478,0.0,0.0,0.0,0.0,0.0
K08326,0.0,0.0,0.0,0.0,0.0
K11203,0.0,0.0,0.0,0.0,0.0
K11202,0.0,0.0,0.0,0.0,0.0
K14218,0.0,0.0,0.0,0.0,0.0
K11537,0.0,0.0,0.0,0.0,0.0
K03815,0.0,0.0,0.0,0.0,0.0
K02047,0.0,0.0,0.0,0.0,0.0
K02046,0.0,0.0,0.0,0.0,0.0
K11191,0.0,0.0,0.0,0.0,0.0
K01448,0.0,0.0,0.0,0.0,0.0
K00228,0.0,0.0,0.0,0.0,0.0
K04033,0.0,0.0,0.0,0.0,0.0
K03736,0.0,0.0,0.0,0.0,0.0
K03735,0.0,0.0,0.0,0.0,0.0
K04019,0.0,0.0,0.0,0.0,0.0
K04022,0.0,0.0,0.0,0.0,0.0
K04021,0.0,0.0,0.0,0.0,0.0
K04020,0.0,0.0,0.0,0.0,0.0
K04032,0.0,0.0,0.0,0.0,0.0
K12945,0.0,0.0,0.0,0.0,0.0
K07674,0.0,0.0,0.0,0.0,0.0
K03567,0.0,0.0,0.0,0.0,0.0
K12136,0.0,0.0,0.0,0.0,0.0
K12137,0.0,0.0,0.0,0.0,0.0
K12138,0.0,0.0,0.0,0.0,0.0
K12139,0.0,0.0,0.0,0.0,0.0
K12140,0.0,0.0,0.0,0.0,0.0
K12141,0.0,0.0,0.0,0.0,0.0
K12144,0.0,0.0,0.0,0.0,0.0
K12145,0.0,0.0,0.0,0.0,0.0
K12146,0.0,0.0,0.0,0.0,0.0
K10763,0.0,0.0,0.0,0.0,0.0
K03601,0.0,0.0,0.0,0.0,0.0
K05367,0.0,0.0,0.0,0.0,0.0
K05820,0.0,0.0,0.0,0.0,0.0
K05817,0.0,0.0,0.0,0.0,0.0
K05708,0.0,0.0,0.0,0.0,0.0
K05709,0.0,0.0,0.0,0.0,0.0
K05710,0.0,0.0,0.0,0.0,0.0
K05711,0.0,0.0,0.0,0.0,0.0
K00529,0.0,0.0,0.0,0.0,0.0
K02057,0.0,0.0,0.0,0.0,0.0
K02056,0.0,0.0,0.0,0.0,0.0
K02058,0.0,0.0,0.0,0.0,0.0
K05916,0.0,0.0,0.0,0.0,0.0
K07715,0.0,0.0,0.0,0.0,0.0
K07711,0.0,0.0,0.0,0.0,0.0
K11991,0.0,0.0,0.0,0.0,0.0
K00997,0.0,0.0,0.0,0.0,0.0
K03584,0.0,0.0,0.0,0.0,0.0
K00278,0.0,0.0,0.0,0.0,0.0
K03648,0.0,0.0,0.0,0.0,0.0
K01977,0.0,0.0,0.0,0.0,0.0
K00554,0.0,0.0,0.0,0.0,0.0
K03631,0.0,0.0,0.0,0.0,0.0
K07733,0.0,0.0,0.0,0.0,0.0
K14230,0.0,0.0,0.0,0.0,0.0
K00525,0.0,0.0,0.0,0.0,0.0
K00526,0.0,0.0,0.0,0.0,0.0
K02000,0.0,0.0,0.0,0.0,0.0
K02001,0.0,0.0,0.0,0.0,0.0
K03446,0.0,0.0,0.0,0.0,0.0
K14219,0.0,0.0,0.0,0.0,0.0
K14233,0.0,0.0,0.0,0.0,0.0
K08305,0.0,0.0,0.0,0.0,0.0
K02783,0.0,0.0,0.0,0.0,0.0
K02782,0.0,0.0,0.0,0.0,0.0
K02781,0.0,0.0,0.0,0.0,0.0
K00068,0.0,0.0,0.0,0.0,0.0
K02468,0.0,0.0,0.0,0.0,0.0
K12266,0.0,0.0,0.0,0.0,0.0
K03487,0.0,0.0,0.0,0.0,0.0
K02752,0.0,0.0,0.0,0.0,0.0
K01223,0.0,0.0,0.0,0.0,0.0
K08315,0.0,0.0,0.0,0.0,0.0
K00540,0.0,0.0,0.0,0.0,0.0
K00540,0.0,0.0,0.0,0.0,0.0
K03555,0.0,0.0,0.0,0.0,0.0
K07314,0.0,0.0,0.0,0.0,0.0
K08319,0.0,0.0,0.0,0.0,0.0
K00573,0.0,0.0,0.0,0.0,0.0
K03787,0.0,0.0,0.0,0.0,0.0
K06176,0.0,0.0,0.0,0.0,0.0
K01770,0.0,0.0,0.0,0.0,0.0
K00991,0.0,0.0,0.0,0.0,0.0
K05589,0.0,0.0,0.0,0.0,0.0
K00860,0.0,0.0,0.0,0.0,0.0
K09612,0.0,0.0,0.0,0.0,0.0
K01737,0.0,0.0,0.0,0.0,0.0
K10026,0.0,0.0,0.0,0.0,0.0
K02428,0.0,0.0,0.0,0.0,0.0
K03215,0.0,0.0,0.0,0.0,0.0
K07678,0.0,0.0,0.0,0.0,0.0
K01706,0.0,0.0,0.0,0.0,0.0
K03535,0.0,0.0,0.0,0.0,0.0
K06175,0.0,0.0,0.0,0.0,0.0
K01752,0.0,0.0,0.0,0.0,0.0
K01628,0.0,0.0,0.0,0.0,0.0
K02429,0.0,0.0,0.0,0.0,0.0
K01818,0.0,0.0,0.0,0.0,0.0
K00879,0.0,0.0,0.0,0.0,0.0
K02431,0.0,0.0,0.0,0.0,0.0
K02430,0.0,0.0,0.0,0.0,0.0
K03566,0.0,0.0,0.0,0.0,0.0
K01766,0.0,0.0,0.0,0.0,0.0
K08304,0.0,0.0,0.0,0.0,0.0
K14230,0.0,0.0,0.0,0.0,0.0
K01448,0.0,0.0,0.0,0.0,0.0
K03581,0.0,0.0,0.0,0.0,0.0
K03582,0.0,0.0,0.0,0.0,0.0
K01407,0.0,0.0,0.0,0.0,0.0
K03583,0.0,0.0,0.0,0.0,0.0
K02681,0.0,0.0,0.0,0.0,0.0
K02680,0.0,0.0,0.0,0.0,0.0
K02679,0.0,0.0,0.0,0.0,0.0
K13292,0.0,0.0,0.0,0.0,0.0
K08311,0.0,0.0,0.0,0.0,0.0
K03573,0.0,0.0,0.0,0.0,0.0
K08227,0.0,0.0,0.0,0.0,0.0
K05939,0.0,0.0,0.0,0.0,0.0
K02529,0.0,0.0,0.0,0.0,0.0
K02100,0.0,0.0,0.0,0.0,0.0
K00065,0.0,0.0,0.0,0.0,0.0
K01815,0.0,0.0,0.0,0.0,0.0
K14225,0.0,0.0,0.0,0.0,0.0
K00087,0.0,0.0,0.0,0.0,0.0
K13479,0.0,0.0,0.0,0.0,0.0
K13480,0.0,0.0,0.0,0.0,0.0
K01751,0.0,0.0,0.0,0.0,0.0
K01464,0.0,0.0,0.0,0.0,0.0
K00926,0.0,0.0,0.0,0.0,0.0
K12527,0.0,0.0,0.0,0.0,0.0
K12529,0.0,0.0,0.0,0.0,0.0
K12528,0.0,0.0,0.0,0.0,0.0
K01487,0.0,0.0,0.0,0.0,0.0
K01823,0.0,0.0,0.0,0.0,0.0
K02836,0.0,0.0,0.0,0.0,0.0
K07462,0.0,0.0,0.0,0.0,0.0
K04763,0.0,0.0,0.0,0.0,0.0
K11068,0.0,0.0,0.0,0.0,0.0
K03185,0.0,0.0,0.0,0.0,0.0
K01847,0.0,0.0,0.0,0.0,0.0
K07588,0.0,0.0,0.0,0.0,0.0
K11264,0.0,0.0,0.0,0.0,0.0
K03472,0.0,0.0,0.0,0.0,0.0
K02799,0.0,0.0,0.0,0.0,0.0
K02798,0.0,0.0,0.0,0.0,0.0
K08137,0.0,0.0,0.0,0.0,0.0
K01150,0.0,0.0,0.0,0.0,0.0
K09761,0.0,0.0,0.0,0.0,0.0
K02669,0.0,0.0,0.0,0.0,0.0
K02221,0.0,0.0,0.0,0.0,0.0
K02495,0.0,0.0,0.0,0.0,0.0
K01424,0.0,0.0,0.0,0.0,0.0
K03575,0.0,0.0,0.0,0.0,0.0
K08306,0.0,0.0,0.0,0.0,0.0
K01581,0.0,0.0,0.0,0.0,0.0
K14231,0.0,0.0,0.0,0.0,0.0
K02462,0.0,0.0,0.0,0.0,0.0
K02461,0.0,0.0,0.0,0.0,0.0
K02452,0.0,0.0,0.0,0.0,0.0
K02654,0.0,0.0,0.0,0.0,0.0
K00104,0.0,0.0,0.0,0.0,0.0
K11474,0.0,0.0,0.0,0.0,0.0
K08567,0.0,0.0,0.0,0.0,0.0
K06281,0.0,0.0,0.0,0.0,0.0
K06282,0.0,0.0,0.0,0.0,0.0
K00655,0.0,0.0,0.0,0.0,0.0
K02621,0.0,0.0,0.0,0.0,0.0
K13655,0.0,0.0,0.0,0.0,0.0
K07471,0.0,0.0,0.0,0.0,0.0
K07666,0.0,0.0,0.0,0.0,0.0
K07645,0.0,0.0,0.0,0.0,0.0
K02622,0.0,0.0,0.0,0.0,0.0
K06153,0.0,0.0,0.0,0.0,0.0
K01633,0.0,0.0,0.0,0.0,0.0
K08591,0.0,0.0,0.0,0.0,0.0
K03779,0.0,0.0,0.0,0.0,0.0
K03780,0.0,0.0,0.0,0.0,0.0
K01409,0.0,0.0,0.0,0.0,0.0
K02316,0.0,0.0,0.0,0.0,0.0
K14230,0.0,0.0,0.0,0.0,0.0
K09251,0.0,0.0,0.0,0.0,0.0
K12113,0.0,0.0,0.0,0.0,0.0
K12111,0.0,0.0,0.0,0.0,0.0
K12112,0.0,0.0,0.0,0.0,0.0
K11391,0.0,0.0,0.0,0.0,0.0
K01685,0.0,0.0,0.0,0.0,0.0
K08191,0.0,0.0,0.0,0.0,0.0
K00656,0.0,0.0,0.0,0.0,0.0
K00932,0.0,0.0,0.0,0.0,0.0
K01754,0.0,0.0,0.0,0.0,0.0
K07592,0.0,0.0,0.0,0.0,0.0
K01978,0.0,0.0,0.0,0.0,0.0
K00865,0.0,0.0,0.0,0.0,0.0
K01630,0.0,0.0,0.0,0.0,0.0
K12299,0.0,0.0,0.0,0.0,0.0
K01708,0.0,0.0,0.0,0.0,0.0
K02081,0.0,0.0,0.0,0.0,0.0
K00917,0.0,0.0,0.0,0.0,0.0
K02745,0.0,0.0,0.0,0.0,0.0
K02082,0.0,0.0,0.0,0.0,0.0
K08302,0.0,0.0,0.0,0.0,0.0
K10984,0.0,0.0,0.0,0.0,0.0
K10985,0.0,0.0,0.0,0.0,0.0
K10986,0.0,0.0,0.0,0.0,0.0
K02080,0.0,0.0,0.0,0.0,0.0
K07347,0.0,0.0,0.0,0.0,0.0
K12961,0.0,0.0,0.0,0.0,0.0
K08303,0.0,0.0,0.0,0.0,0.0
K03177,0.0,0.0,0.0,0.0,0.0
K14230,0.0,0.0,0.0,0.0,0.0
K14228,0.0,0.0,0.0,0.0,0.0
K00796,0.0,0.0,0.0,0.0,0.0
K02427,0.0,0.0,0.0,0.0,0.0
K07259,0.0,0.0,0.0,0.0,0.0
K07724,0.0,0.0,0.0,0.0,0.0
K02066,0.0,0.0,0.0,0.0,0.0
K08485,0.0,0.0,0.0,0.0,0.0
K03814,0.0,0.0,0.0,0.0,0.0
K00885,0.0,0.0,0.0,0.0,0.0
K01788,0.0,0.0,0.0,0.0,0.0
K03290,0.0,0.0,0.0,0.0,0.0
K01639,0.0,0.0,0.0,0.0,0.0
K04691,0.0,0.0,0.0,0.0,0.0
K03402,0.0,0.0,0.0,0.0,0.0
K03571,0.0,0.0,0.0,0.0,0.0
K03570,0.0,0.0,0.0,0.0,0.0
K05540,0.0,0.0,0.0,0.0,0.0
K03557,0.0,0.0,0.0,0.0,0.0
K07319,0.0,0.0,0.0,0.0,0.0
K03585,0.0,0.0,0.0,0.0,0.0
K09969,0.0,0.0,0.0,0.0,0.0
K09970,0.0,0.0,0.0,0.0,0.0
K09971,0.0,0.0,0.0,0.0,0.0
K09972,0.0,0.0,0.0,0.0,0.0
K14234,0.0,0.0,0.0,0.0,0.0
K01980,0.0,0.0,0.0,0.0,0.0
K14218,0.0,0.0,0.0,0.0,0.0
K14227,0.0,0.0,0.0,0.0,0.0
K01977,0.0,0.0,0.0,0.0,0.0
K13638,0.0,0.0,0.0,0.0,0.0
K02919,0.0,0.0,0.0,0.0,0.0
K02451,0.0,0.0,0.0,0.0,0.0
K02450,0.0,0.0,0.0,0.0,0.0
K02452,0.0,0.0,0.0,0.0,0.0
K02453,0.0,0.0,0.0,0.0,0.0
K02454,0.0,0.0,0.0,0.0,0.0
K02455,0.0,0.0,0.0,0.0,0.0
K02456,0.0,0.0,0.0,0.0,0.0
K02457,0.0,0.0,0.0,0.0,0.0
K02458,0.0,0.0,0.0,0.0,0.0
K02459,0.0,0.0,0.0,0.0,0.0
K02460,0.0,0.0,0.0,0.0,0.0
K02461,0.0,0.0,0.0,0.0,0.0
K02462,0.0,0.0,0.0,0.0,0.0
K02464,0.0,0.0,0.0,0.0,0.0
K13381,0.0,0.0,0.0,0.0,0.0
K07237,0.0,0.0,0.0,0.0,0.0
K07236,0.0,0.0,0.0,0.0,0.0
K01664,0.0,0.0,0.0,0.0,0.0
K06141,0.0,0.0,0.0,0.0,0.0
K00362,0.0,0.0,0.0,0.0,0.0
K00363,0.0,0.0,0.0,0.0,0.0
K02302,0.0,0.0,0.0,0.0,0.0
K10708,0.0,0.0,0.0,0.0,0.0
K10710,0.0,0.0,0.0,0.0,0.0
K10711,0.0,0.0,0.0,0.0,0.0
K06223,0.0,0.0,0.0,0.0,0.0
K02507,0.0,0.0,0.0,0.0,0.0
K12291,0.0,0.0,0.0,0.0,0.0
K12290,0.0,0.0,0.0,0.0,0.0
K12289,0.0,0.0,0.0,0.0,0.0
K12288,0.0,0.0,0.0,0.0,0.0
K05366,0.0,0.0,0.0,0.0,0.0
K08312,0.0,0.0,0.0,0.0,0.0
K04762,0.0,0.0,0.0,0.0,0.0
K07638,0.0,0.0,0.0,0.0,0.0
K00705,0.0,0.0,0.0,0.0,0.0
K02439,0.0,0.0,0.0,0.0,0.0
K00111,0.0,0.0,0.0,0.0,0.0
K02438,0.0,0.0,0.0,0.0,0.0
K00851,0.0,0.0,0.0,0.0,0.0
K03825,0.0,0.0,0.0,0.0,0.0
K05815,0.0,0.0,0.0,0.0,0.0
K05814,0.0,0.0,0.0,0.0,0.0
K01998,0.0,0.0,0.0,0.0,0.0
K01997,0.0,0.0,0.0,0.0,0.0
K03089,0.0,0.0,0.0,0.0,0.0
K09811,0.0,0.0,0.0,0.0,0.0
K08316,0.0,0.0,0.0,0.0,0.0
K01534,0.0,0.0,0.0,0.0,0.0
K04085,0.0,0.0,0.0,0.0,0.0
K06133,0.0,0.0,0.0,0.0,0.0
K02035,0.0,0.0,0.0,0.0,0.0
K02033,0.0,0.0,0.0,0.0,0.0
K02034,0.0,0.0,0.0,0.0,0.0
K02031,0.0,0.0,0.0,0.0,0.0
K02032,0.0,0.0,0.0,0.0,0.0
K09686,0.0,0.0,0.0,0.0,0.0
K03892,0.0,0.0,0.0,0.0,0.0
K00537,0.0,0.0,0.0,0.0,0.0
K00428,0.0,0.0,0.0,0.0,0.0
K01194,0.0,0.0,0.0,0.0,0.0
K01179,0.0,0.0,0.0,0.0,0.0
K00694,0.0,0.0,0.0,0.0,0.0
K12370,0.0,0.0,0.0,0.0,0.0
K12369,0.0,0.0,0.0,0.0,0.0
K14232,0.0,0.0,0.0,0.0,0.0
K08177,0.0,0.0,0.0,0.0,0.0
K01246,0.0,0.0,0.0,0.0,0.0
K03826,0.0,0.0,0.0,0.0,0.0
K08351,0.0,0.0,0.0,0.0,0.0
K07726,0.0,0.0,0.0,0.0,0.0
K00854,0.0,0.0,0.0,0.0,0.0
K01805,0.0,0.0,0.0,0.0,0.0
K10545,0.0,0.0,0.0,0.0,0.0
K10544,0.0,0.0,0.0,0.0,0.0
K02529,0.0,0.0,0.0,0.0,0.0
K01176,0.0,0.0,0.0,0.0,0.0
K00835,0.0,0.0,0.0,0.0,0.0
K08092,0.0,0.0,0.0,0.0,0.0
K00880,0.0,0.0,0.0,0.0,0.0
K03081,0.0,0.0,0.0,0.0,0.0
K03082,0.0,0.0,0.0,0.0,0.0
K03080,0.0,0.0,0.0,0.0,0.0
K13954,0.0,0.0,0.0,0.0,0.0
K01042,0.0,0.0,0.0,0.0,0.0
K02562,0.0,0.0,0.0,0.0,0.0
K14348,0.0,0.0,0.0,0.0,0.0
K03216,0.0,0.0,0.0,0.0,0.0
K02843,0.0,0.0,0.0,0.0,0.0
K02841,0.0,0.0,0.0,0.0,0.0
K02847,0.0,0.0,0.0,0.0,0.0
K12981,0.0,0.0,0.0,0.0,0.0
K02850,0.0,0.0,0.0,0.0,0.0
K03279,0.0,0.0,0.0,0.0,0.0
K03275,0.0,0.0,0.0,0.0,0.0
K02840,0.0,0.0,0.0,0.0,0.0
K12986,0.0,0.0,0.0,0.0,0.0
K02848,0.0,0.0,0.0,0.0,0.0
K02844,0.0,0.0,0.0,0.0,0.0
K02849,0.0,0.0,0.0,0.0,0.0
K02527,0.0,0.0,0.0,0.0,0.0
K00954,0.0,0.0,0.0,0.0,0.0
K10563,0.0,0.0,0.0,0.0,0.0
K05501,0.0,0.0,0.0,0.0,0.0
K00762,0.0,0.0,0.0,0.0,0.0
K00989,0.0,0.0,0.0,0.0,0.0
K01972,0.0,0.0,0.0,0.0,0.0
K01139,0.0,0.0,0.0,0.0,0.0
K00556,0.0,0.0,0.0,0.0,0.0
K03655,0.0,0.0,0.0,0.0,0.0
K14238,0.0,0.0,0.0,0.0,0.0
K03291,0.0,0.0,0.0,0.0,0.0
K03445,0.0,0.0,0.0,0.0,0.0
K06901,0.0,0.0,0.0,0.0,0.0
K01486,0.0,0.0,0.0,0.0,0.0
K07784,0.0,0.0,0.0,0.0,0.0
K07783,0.0,0.0,0.0,0.0,0.0
K07675,0.0,0.0,0.0,0.0,0.0
K07686,0.0,0.0,0.0,0.0,0.0
K08154,0.0,0.0,0.0,0.0,0.0
K02750,0.0,0.0,0.0,0.0,0.0
K03482,0.0,0.0,0.0,0.0,0.0
K04081,0.0,0.0,0.0,0.0,0.0
K04080,0.0,0.0,0.0,0.0,0.0
K08194,0.0,0.0,0.0,0.0,0.0
K00883,0.0,0.0,0.0,0.0,0.0
K03629,0.0,0.0,0.0,0.0,0.0
K03536,0.0,0.0,0.0,0.0,0.0
K08163,0.0,0.0,0.0,0.0,0.0
K06901,0.0,0.0,0.0,0.0,0.0
K01223,0.0,0.0,0.0,0.0,0.0
K02755,0.0,0.0,0.0,0.0,0.0
K03488,0.0,0.0,0.0,0.0,0.0
K02036,0.0,0.0,0.0,0.0,0.0
K02038,0.0,0.0,0.0,0.0,0.0
K02037,0.0,0.0,0.0,0.0,0.0
K02110,0.0,0.0,0.0,0.0,0.0
K03501,0.0,0.0,0.0,0.0,0.0
K03495,0.0,0.0,0.0,0.0,0.0
K03718,0.0,0.0,0.0,0.0,0.0
K01914,0.0,0.0,0.0,0.0,0.0
K10441,0.0,0.0,0.0,0.0,0.0
K10440,0.0,0.0,0.0,0.0,0.0
K02529,0.0,0.0,0.0,0.0,0.0
K01977,0.0,0.0,0.0,0.0,0.0
K01980,0.0,0.0,0.0,0.0,0.0
K14221,0.0,0.0,0.0,0.0,0.0
K14235,0.0,0.0,0.0,0.0,0.0
K11258,0.0,0.0,0.0,0.0,0.0
K01754,0.0,0.0,0.0,0.0,0.0
K02521,0.0,0.0,0.0,0.0,0.0
K03656,0.0,0.0,0.0,0.0,0.0
K01524,0.0,0.0,0.0,0.0,0.0
K02851,0.0,0.0,0.0,0.0,0.0
K01791,0.0,0.0,0.0,0.0,0.0
K02472,0.0,0.0,0.0,0.0,0.0
K01710,0.0,0.0,0.0,0.0,0.0
K00973,0.0,0.0,0.0,0.0,0.0
K02853,0.0,0.0,0.0,0.0,0.0
K02852,0.0,0.0,0.0,0.0,0.0
K14219,0.0,0.0,0.0,0.0,0.0
K14226,0.0,0.0,0.0,0.0,0.0
K14232,0.0,0.0,0.0,0.0,0.0
K01130,0.0,0.0,0.0,0.0,0.0
K01749,0.0,0.0,0.0,0.0,0.0
K05851,0.0,0.0,0.0,0.0,0.0
K03733,0.0,0.0,0.0,0.0,0.0
K01058,0.0,0.0,0.0,0.0,0.0
K03654,0.0,0.0,0.0,0.0,0.0
K01048,0.0,0.0,0.0,0.0,0.0
K03576,0.0,0.0,0.0,0.0,0.0
K03118,0.0,0.0,0.0,0.0,0.0
K05785,0.0,0.0,0.0,0.0,0.0
K01977,0.0,0.0,0.0,0.0,0.0
K01980,0.0,0.0,0.0,0.0,0.0
K02495,0.0,0.0,0.0,0.0,0.0
K07712,0.0,0.0,0.0,0.0,0.0
K07708,0.0,0.0,0.0,0.0,0.0
K15922,0.0,0.0,0.0,0.0,0.0
K08318,0.0,0.0,0.0,0.0,0.0
K00127,0.0,0.0,0.0,0.0,0.0
K00124,0.0,0.0,0.0,0.0,0.0
K00123,0.0,0.0,0.0,0.0,0.0
K11202,0.0,0.0,0.0,0.0,0.0
K11201,0.0,0.0,0.0,0.0,0.0
K03534,0.0,0.0,0.0,0.0,0.0
K01629,0.0,0.0,0.0,0.0,0.0
K01813,0.0,0.0,0.0,0.0,0.0
K00848,0.0,0.0,0.0,0.0,0.0
K02855,0.0,0.0,0.0,0.0,0.0
K02854,0.0,0.0,0.0,0.0,0.0
K07640,0.0,0.0,0.0,0.0,0.0
K02048,0.0,0.0,0.0,0.0,0.0
K01521,0.0,0.0,0.0,0.0,0.0
K02446,0.0,0.0,0.0,0.0,0.0
K02440,0.0,0.0,0.0,0.0,0.0
K02548,0.0,0.0,0.0,0.0,0.0
K05499,0.0,0.0,0.0,0.0,0.0
K04066,0.0,0.0,0.0,0.0,0.0
K08314,0.0,0.0,0.0,0.0,0.0
K11203,0.0,0.0,0.0,0.0,0.0
K11202,0.0,0.0,0.0,0.0,0.0
K00656,0.0,0.0,0.0,0.0,0.0
K04069,0.0,0.0,0.0,0.0,0.0
K11202,0.0,0.0,0.0,0.0,0.0
K01776,0.0,0.0,0.0,0.0,0.0
K01977,0.0,0.0,0.0,0.0,0.0
K14224,0.0,0.0,0.0,0.0,0.0
K01980,0.0,0.0,0.0,0.0,0.0
K03524,0.0,0.0,0.0,0.0,0.0
K14234,0.0,0.0,0.0,0.0,0.0
K14225,0.0,0.0,0.0,0.0,0.0
K14234,0.0,0.0,0.0,0.0,0.0
K02358,0.0,0.0,0.0,0.0,0.0
K03073,0.0,0.0,0.0,0.0,0.0
K03150,0.0,0.0,0.0,0.0,0.0
K03426,0.0,0.0,0.0,0.0,0.0
K05982,0.0,0.0,0.0,0.0,0.0
K07803,0.0,0.0,0.0,0.0,0.0
K07709,0.0,0.0,0.0,0.0,0.0
K07713,0.0,0.0,0.0,0.0,0.0
K01980,0.0,0.0,0.0,0.0,0.0
K03827,0.0,0.0,0.0,0.0,0.0
K13641,0.0,0.0,0.0,0.0,0.0
K06182,0.0,0.0,0.0,0.0,0.0
K08138,0.0,0.0,0.0,0.0,0.0
K10110,0.0,0.0,0.0,0.0,0.0
K10109,0.0,0.0,0.0,0.0,0.0
K03181,0.0,0.0,0.0,0.0,0.0
K03179,0.0,0.0,0.0,0.0,0.0
K00901,0.0,0.0,0.0,0.0,0.0
K02314,0.0,0.0,0.0,0.0,0.0
K01775,0.0,0.0,0.0,0.0,0.0
K13631,0.0,0.0,0.0,0.0,0.0
K13639,0.0,0.0,0.0,0.0,0.0
K06901,0.0,0.0,0.0,0.0,0.0
K03385,0.0,0.0,0.0,0.0,0.0
K04013,0.0,0.0,0.0,0.0,0.0
K04014,0.0,0.0,0.0,0.0,0.0
K04015,0.0,0.0,0.0,0.0,0.0
K04016,0.0,0.0,0.0,0.0,0.0
K04017,0.0,0.0,0.0,0.0,0.0
K04018,0.0,0.0,0.0,0.0,0.0
K00123,0.0,0.0,0.0,0.0,0.0
K00881,0.0,0.0,0.0,0.0,0.0
K17195,0.0,0.0,0.0,0.0,0.0
K10550,0.0,0.0,0.0,0.0,0.0
K01808,0.0,0.0,0.0,0.0,0.0
K09994,0.0,0.0,0.0,0.0,0.0
K05774,0.0,0.0,0.0,0.0,0.0
K05780,0.0,0.0,0.0,0.0,0.0
K05781,0.0,0.0,0.0,0.0,0.0
K02043,0.0,0.0,0.0,0.0,0.0
K02042,0.0,0.0,0.0,0.0,0.0
K02044,0.0,0.0,0.0,0.0,0.0
K02041,0.0,0.0,0.0,0.0,0.0
K03762,0.0,0.0,0.0,0.0,0.0
K07643,0.0,0.0,0.0,0.0,0.0
K03760,0.0,0.0,0.0,0.0,0.0
K03755,0.0,0.0,0.0,0.0,0.0
K01584,0.0,0.0,0.0,0.0,0.0
K07406,0.0,0.0,0.0,0.0,0.0
K01676,0.0,0.0,0.0,0.0,0.0
K07792,0.0,0.0,0.0,0.0,0.0
K07703,0.0,0.0,0.0,0.0,0.0
K07701,0.0,0.0,0.0,0.0,0.0
K01582,0.0,0.0,0.0,0.0,0.0
K03765,0.0,0.0,0.0,0.0,0.0
K04084,0.0,0.0,0.0,0.0,0.0
K01467,0.0,0.0,0.0,0.0,0.0
K00247,0.0,0.0,0.0,0.0,0.0
K00246,0.0,0.0,0.0,0.0,0.0
K14225,0.0,0.0,0.0,0.0,0.0
K01448,0.0,0.0,0.0,0.0,0.0
K00791,0.0,0.0,0.0,0.0,0.0
K03666,0.0,0.0,0.0,0.0,0.0
K13771,0.0,0.0,0.0,0.0,0.0
K03218,0.0,0.0,0.0,0.0,0.0
K03477,0.0,0.0,0.0,0.0,0.0
K03476,0.0,0.0,0.0,0.0,0.0
K03475,0.0,0.0,0.0,0.0,0.0
K02822,0.0,0.0,0.0,0.0,0.0
K02821,0.0,0.0,0.0,0.0,0.0
K03078,0.0,0.0,0.0,0.0,0.0
K03079,0.0,0.0,0.0,0.0,0.0
K03077,0.0,0.0,0.0,0.0,0.0
K02686,0.0,0.0,0.0,0.0,0.0
K02057,0.0,0.0,0.0,0.0,0.0
K02057,0.0,0.0,0.0,0.0,0.0
K04068,0.0,0.0,0.0,0.0,0.0
K00527,0.0,0.0,0.0,0.0,0.0
K01226,0.0,0.0,0.0,0.0,0.0
K02818,0.0,0.0,0.0,0.0,0.0
K03485,0.0,0.0,0.0,0.0,0.0
K01531,0.0,0.0,0.0,0.0,0.0
K02339,0.0,0.0,0.0,0.0,0.0
K06146,0.0,0.0,0.0,0.0,0.0
K00098,0.0,0.0,0.0,0.0,0.0
K00851,0.0,0.0,0.0,0.0,0.0
K14228,0.0,0.0,0.0,0.0,0.0
K02013,0.0,0.0,0.0,0.0,0.0
K02015,0.0,0.0,0.0,0.0,0.0
K02015,0.0,0.0,0.0,0.0,0.0
K02016,0.0,0.0,0.0,0.0,0.0
K03088,0.0,0.0,0.0,0.0,0.0
K01687,0.0,0.0,0.0,0.0,0.0
K01714,0.0,0.0,0.0,0.0,0.0
K02775,0.0,0.0,0.0,0.0,0.0
K07345,0.0,0.0,0.0,0.0,0.0
K07351,0.0,0.0,0.0,0.0,0.0
K07346,0.0,0.0,0.0,0.0,0.0
K07347,0.0,0.0,0.0,0.0,0.0
K07348,0.0,0.0,0.0,0.0,0.0
K07349,0.0,0.0,0.0,0.0,0.0
K07350,0.0,0.0,0.0,0.0,0.0
K13637,0.0,0.0,0.0,0.0,0.0
K01305,0.0,0.0,0.0,0.0,0.0
K07559,0.0,0.0,0.0,0.0,0.0
K01154,0.0,0.0,0.0,0.0,0.0
K03427,0.0,0.0,0.0,0.0,0.0
K01002,0.0,0.0,0.0,0.0,0.0
K02315,0.0,0.0,0.0,0.0,0.0
K02317,0.0,0.0,0.0,0.0,0.0
K14228,0.0,0.0,0.0,0.0,0.0
K14228,0.0,0.0,0.0,0.0,0.0
K02344,0.0,0.0,0.0,0.0,0.0
K03789,0.0,0.0,0.0,0.0,0.0
K08723,0.0,0.0,0.0,0.0,0.0
K03800,0.0,0.0,0.0,0.0,0.0
K04485,0.0,0.0,0.0,0.0,0.0
K07663,0.0,0.0,0.0,0.0,0.0
K07641,0.0,0.0,0.0,0.0,0.0
K02533,0.0,0.0,0.0,0.0,0.0
K03154,0.0,0.0,0.0,0.0,0.0
K15841,0.0,0.0,0.0,0.0,0.0
K10538,0.0,0.0,0.0,0.0,0.0
K06901,0.0,0.0,0.0,0.0,0.0
K11473,0.0,0.0,0.0,0.0,0.0
K11472,0.0,0.0,0.0,0.0,0.0
K01752,0.0,0.0,0.0,0.0,0.0
K01974,0.0,0.0,0.0,0.0,0.0
K01631,0.0,0.0,0.0,0.0,0.0
K01684,0.0,0.0,0.0,0.0,0.0
K12582,0.0,0.0,0.0,0.0,0.0
K02056,0.0,0.0,0.0,0.0,0.0
K02919,0.0,0.0,0.0,0.0,0.0
K01545,0.0,0.0,0.0,0.0,0.0
K12962,0.0,0.0,0.0,0.0,0.0
K02774,0.0,0.0,0.0,0.0,0.0
